date,massif,secteur,orientation,lat_depart,long_depart,pente_max,avg_lat,avg_long,avg_alt,activity
06 mars 2008 ,Bornes - Aravis,Borne-Fier ,N,45.8518,06.4118,45,,,,ras
06 mars 2008 ,Belledonne,Grésivaudan ,SW,45.24319,5.979609,40,,,,Rien vu descendre aujourd'hui malgré de belles accumulations et une heure tardive de descente
06 mars 2008 ,Mercantour - Alpes Maritimes Italiennes,Ubaye ,T,44.31188,6.739082,35,,,,rien vu du tout a part des tornades de neige :-)
06 mars 2008 ,Vanoise,Tarentaise ,NW,45.3746,06.7178,30,,,,Ras
13 janvier 2008 ,Chartreuse,Chartreuse ,E,45.2836,05.7126,30,,,,RAS
06 mars 2008 ,Belledonne,Grésivaudan ,NE,45.28252,6.074538,,45.26346796263506,6.1056592749538465,1586.6521739130435,"des plaques sont parties (probablement hier) en versant ouest, par exemple au pied des cretes de la marmotane. Ailleurs : RAS"
06 mars 2008 ,Lauzière - Cheval Noir,Tarentaise ,SE,45.47123,6.41270,,,,,RAS
06 mars 2008 ,Vanoise,Tarentaise ,W,45.3811,06.7352,41,,,,néant
06 mars 2008 ,Bornes - Aravis,Borne-Fier ,NW,45.9231,06.4836,35,,,,"RAS, entre 15 cm sur le bas et 30 cm de neige fraiche poudreuse tombée sur le haut et qui repose sur un fond béton. Plus on descend et plus le fond est irrégulier. Présence de neige vitrifiée sur les bosses (a toutes les hauteurs), et de quelques endroits cartonnés sur le bas de la combe de Gd Crêt. "
06 mars 2008 ,Ecrins,"Haute Durance, Briançonnais ",NE,45.0108,6.4660,40,,,,"rien à signaler. les plaques à vent présentes sont bien stables, et laissent une neige dure dans le couloir."
06 mars 2008 ,Bornes - Aravis,Val d'Arly ,NE,45.8649,06.4886,45,,,,RAS
06 mars 2008 ,Bornes - Aravis,Val d'Arly ,E,45.8649,06.4886,45,,,,"RAS, mais de fortes accumulations dans le couloir."
06 mars 2008 ,Chablais - Faucigny,Faucigny ,SE,46.1441,06.5907,35,,,,"RAS pour le moment, mais les pentes sous le col du Foron ne me paraissent pas très sûres"
06 mars 2008 ,Chartreuse,Chartreuse ,W,45.2890,5.7664,30,45.28643799865561,5.778759944152887,1639.8253968253969,RAS
05 mars 2008 ,Préalpes de Grasse,,N,43.83139,6.95944,,,,,rien
20 janvier 2008 ,Beaufortain,Tarentaise ,S,45.5924,06.6708,35,,,,Rien ce jour sur la boucle
02 mars 2008 ,Beaufortain,Tarentaise ,S,45.6297,06.4799,40,,,,rien ce jour; les coulées surtout côté S - SW du Lavouet  datent des jours précédents
02 mars 2008 ,Mercantour - Alpes Maritimes Italiennes,Vésubie ,SW,44.11325,7.289471,35,,,,néant
26 fevrier 2008 ,Queyras - Alpes Cozie N,Queyras ,T,44.79265,6.90809,40,,,,RAS
27 fevrier 2008 ,Queyras - Alpes Cozie N,Queyras ,NW,44.69969,6.86596,35,,,,ras
25 fevrier 2008 ,Queyras - Alpes Cozie N,Queyras ,NE,44.65054,6.79287,40,,,,ras
24 fevrier 2008 ,Queyras - Alpes Cozie N,Queyras ,T,44.71893,6.90379,45,,,,ras
05 mars 2008 ,Préalpes de provence,,NW,44.51854,5.93674,,,,,RAS
03 mars 2008 ,Ecrins,Champsaur ,T,44.6628,06.3179,45,,,,RAS
04 mars 2008 ,Belledonne,Grésivaudan ,W,45.32596,6.047029,,,,,ras
04 mars 2008 ,Ecrins,Champsaur ,N,44.6628,06.3179,35,,,,néant aujourd'hui. Quelques anciennes coulées rive droite datant du redoux. Neige bien stable ce jour
03 mars 2008 ,Alpes Grées S,Maurienne ,SW,45.3738,07.0528,35,,,,RAS
01 mars 2008 ,Queyras - Alpes Cozie N,Ubaye ,S,44.58583,6.82528,42,44.595486946788654,6.805279825897945,2686.498447204968,RAS 
02 mars 2008 ,Cerces - Thabor - Mont Cenis,Maurienne ,N,45.1704,06.6515,40,,,,RAS
03 mars 2008 ,Belledonne,Grésivaudan ,SW,45.1870,5.8994,35,,,,RAS descente
01 mars 2008 ,Queyras - Alpes Cozie N,Queyras ,N,44.62375,6.80815,50,,,,RAS
03 mars 2008 ,Belledonne,Grésivaudan ,SE,45.24319,5.979609,35,,,,Rien vu bouger
02 mars 2008 ,Corse,,N,42.25456,9.069911,35,,,,Aucune
02 mars 2008 ,Belledonne,Grésivaudan ,NE,45.1870,5.8994,30,,,,RAS
01 mars 2008 ,Ecrins,Embrunais ,NE,44.6153,06.3335,40,,,,Une coulée sur la trace de montée aux Parias. RAS par ailleurs.
02 mars 2008 ,Belledonne,Grésivaudan ,T,45.24319,5.979609,40,,,,ras
02 mars 2008 ,Mercantour - Alpes Maritimes Italiennes,Vésubie ,S,44.11996,7.27398,40,,,,Aucune
02 mars 2008 ,Mont Blanc,Vallée de l'Arve ,NE,45.9784,6.9266,50,,,,RAS
02 mars 2008 ,Ubaye - Parpaillon - Alpes Cozie S,Embrunais ,N,44.48473,6.55066,48,,,,néant
02 mars 2008 ,Belledonne,Grésivaudan ,W,45.1870,5.8994,40,45.16994238723128,5.9110239393647745,1597.8564966313768,RAS
02 mars 2008 ,Ecrins,Embrunais ,T,44.6153,06.3335,38,,,,RAS
24 fevrier 2008 ,Alpes Grées N,Tarentaise ,T,45.4823,06.9473,40,,,,RAS
02 mars 2008 ,Bauges,Bauges ,NE,45.64251,6.063981,,,,,ras
01 mars 2008 ,Devoluy,Devoluy ,W,44.6682,05.9512,30,,,,RAS
02 mars 2008 ,Alpes Grées S,Tarentaise ,NW,45.4497,07.0098,35,,,,RAS
01 mars 2008 ,Ubaye - Parpaillon - Alpes Cozie S,Embrunais ,N,44.54781,6.62473,30,,,,RAS
29 fevrier 2008 ,Devoluy,Devoluy ,T,44.6656,05.9468,30,,,,RAS
02 mars 2008 ,Grandes Rousses - Arves,"Haute Durance, Briançonnais ",SE,45.0423,06.4177,,45.054106868055534,6.403056887499999,2413.547153048612,RAS
02 mars 2008 ,Devoluy,Devoluy ,T,44.6656,05.9468,40,,,,Aucune
02 mars 2008 ,Belledonne,Grésivaudan ,N,45.28252,6.074538,40,,,,Aucune
19 fevrier 2008 ,Ecrins,Oisans ,W,45.0101,06.2637,50,,,,néant
02 mars 2008 ,Valais W - Alpes Pennines W,Valais Central ,NW,46.04208,7.274901,,46.02865761449079,7.252615935064942,1898.0328092959671,RAS
02 mars 2008 ,Ecrins,Oisans ,NW,44.93719,6.25524,45,,,,Aucune
02 mars 2008 ,Belledonne,Maurienne ,N,45.28305,6.21008,45,,,,aucune sur l'itinéraire mais en surement plus limite en versant sud et est en dessous de 1800m
02 mars 2008 ,Ecrins,Oisans ,W,44.93258,6.29254,50,,,,RAS
02 mars 2008 ,Chartreuse,Chartreuse ,SW,45.2890,5.7664,,,,,RAS. Chamechaude encore bien enneigée. Grande Sure face E : on voit le sol mais cela doit encore passer.
02 mars 2008 ,Belledonne,Oisans ,E,45.13065,6.01986,40,,,,RAS
23 fevrier 2008 ,Mercantour - Alpes Maritimes Italiennes,Tinée ,N,44.28341,6.866776,,,,,RAS
24 fevrier 2008 ,Mercantour - Alpes Maritimes Italiennes,Tinée ,N,44.28341,6.866776,,,,,RAS
02 mars 2008 ,Bornes - Aravis,Borne-Fier ,NW,45.9231,06.4836,35,,,,"Aucune, mise à part de vieilles coulées. Neige néanmoins suspecte dans la traversée menant à la Tête de Paccaly (neige croûtée ou réelle plaque?)."
02 mars 2008 ,Belledonne,Maurienne ,T,45.37180,6.25654,35,,,,Ras
02 mars 2008 ,Mercantour - Alpes Maritimes Italiennes,Vésubie ,SW,44.11325,7.289471,35,,,,RAS
28 fevrier 2008 ,Alpes Grées N,Tarentaise ,SW,45.4497,07.0098,40,,,,RAS sur l'itinéraire du fait de la limite pluie/neige. Grosses coulées au dessus de Seez visibles depuis la route nationale.
02 mars 2008 ,Ecrins,"Haute Durance, Briançonnais ",S,45.0108,6.4660,45,,,,RAS
02 mars 2008 ,Ecrins,"Oisans Haute Durance, Briançonnais ",N,45.0332,6.4037,40,45.02168805660378,6.411802603773584,2555.811320754717,RAS
02 mars 2008 ,Devoluy,Devoluy ,N,44.6656,05.9468,35,44.641148048096206,5.92511365931863,2123.3426853707415,Néant
01 mars 2008 ,Cerces - Thabor - Mont Cenis,"Haute Durance, Briançonnais ",N,45.0181,06.4663,50,,,,RAS
02 mars 2008 ,Bornes - Aravis,Borne-Fier ,N,45.9231,06.4836,40,,,,"RAS en-dessus de 2000m. Plus bas, il faut éviter les pentes un peu raides car le manteau neigeux est bien pourri. On a fait partir une petite avalanche de neige humide en dessus de Paccaly d'en Haut (sans conséquence)."
28 fevrier 2008 ,Queyras - Alpes Cozie N,Queyras ,N,44.62375,6.80815,50,,,,RAS
02 mars 2008 ,Belledonne,Grésivaudan ,NE,45.28252,6.074538,,45.26346796263506,6.1056592749538465,1586.6521739130435,RAS
28 fevrier 2008 ,Ubaye - Parpaillon - Alpes Cozie S,Val Varaita ,N,44.57460,6.976511,30,,,,RAS (ancienne coulée au départ de la Valle di Traversagn)
02 mars 2008 ,Belledonne,Maurienne ,S,45.31620,6.25053,,,,,neant
02 mars 2008 ,Belledonne,Grésivaudan ,S,45.1870,5.8994,30,,,,traversee d une coulee tres ancienne vers 1800; Aucune autre activité avalancheuse observée.
26 fevrier 2008 ,Ecrins,"Haute Durance, Briançonnais ",N,44.8277,6.4844,40,,,,RAS
27 fevrier 2008 ,Ubaye - Parpaillon - Alpes Cozie S,Val Varaita ,NW,44.57460,6.976511,35,,,,RAS
29 fevrier 2008 ,Ecrins,"Haute Durance, Briançonnais ",E,44.8552,06.4803,30,,,,RAS
26 fevrier 2008 ,Alpes Grées S,Maurienne ,NW,45.2895,06.9148,35,45.28311310094779,6.94611516199705,2151.0526315789475,RAS
25 fevrier 2008 ,Queyras - Alpes Cozie N,Val de Suze ,NW,44.91889,6.82556,35,,,,RAS
24 fevrier 2008 ,Cerces - Thabor - Mont Cenis,"Haute Durance, Briançonnais ",N,45.0181,06.4663,35,,,,RAS
01 mars 2008 ,Ecrins,Oisans ,NE,44.93536,6.19994,50,,,,"Rien, mais faudrait mieux pas s'aventurer dans les pentes raides sous 2000 m"
24 fevrier 2008 ,Haut Giffre - Aiguilles Rouges,Vallée de l'Arve ,NW,46.0211,6.6899,35,,,,RAS
27 fevrier 2008 ,Ecrins,"Haute Durance, Briançonnais ",E,44.7097,06.5693,35,,,,RAS
23 fevrier 2008 ,Ecrins,"Haute Durance, Briançonnais ",N,44.87937,6.589897,45,,,,RAS
28 fevrier 2008 ,Queyras - Alpes Cozie N,Queyras ,NW,44.71893,6.90379,35,,,,néant
26 fevrier 2008 ,Queyras - Alpes Cozie N,Queyras ,NW,44.69759,6.85885,33,,,,néant
24 fevrier 2008 ,Queyras - Alpes Cozie N,Queyras ,N,44.71893,6.90379,,,,,néant 
24 fevrier 2008 ,Ecrins,"Haute Durance, Briançonnais ",S,44.9011,6.4929,50,,,,RAS
01 mars 2008 ,Devoluy,Devoluy ,E,44.7356,05.8852,35,44.74418239612407,5.858749588372092,1806.9624806201584,nada
23 fevrier 2008 ,Belledonne,Grésivaudan ,W,45.14037,5.88762,45,,,,Aucune
29 fevrier 2008 ,Belledonne,Grésivaudan ,SW,45.14037,5.88762,35,,,,"Néant avec 2 m de visi, mais avec cette chaleur, ca a du coulé !"
29 fevrier 2008 ,Grandes Rousses - Arves,Oisans ,SE,45.1683,06.0948,42,,,,ras
29 fevrier 2008 ,Ubaye - Parpaillon - Alpes Cozie S,Embrunais ,T,44.48473,6.55066,40,,,,ras
29 fevrier 2008 ,Devoluy,Devoluy ,E,44.7356,05.8852,35,44.74418239612407,5.858749588372092,1806.9624806201584,ras
28 fevrier 2008 ,Belledonne,Maurienne ,T,45.37180,6.25654,35,,,,aucune.
21 fevrier 2008 ,Queyras - Alpes Cozie N,Queyras ,W,44.82183,6.94309,32,,,,RAS
20 fevrier 2007 ,Beaufortain,Beaufortain ,E,45.6756,06.5784,35,,,,aucune
21 fevrier 2007 ,Bornes - Aravis,Borne-Fier ,NW,45.9231,06.4836,30,,,,aucune
15 janvier 2005 ,Bornes - Aravis,Val d'Arly ,W,45.8794,06.5246,30,,,,Aucune
28 fevrier 2008 ,Belledonne,Maurienne ,N,45.29037,6.21708,50,45.30044507898815,6.1750937456598765,1594.84,neant
28 fevrier 2008 ,Beaufortain,Beaufortain ,SW,45.6756,06.5784,30,,,,aucune
28 fevrier 2008 ,Belledonne,Grésivaudan ,N,45.33579,6.11992,50,,,,ras
28 fevrier 2008 ,Belledonne,Grésivaudan ,E,45.14037,5.88762,45,,,,RAS
24 fevrier 2008 ,Ecrins,Matheysine et périphériques ,SW,44.9375,5.9781,45,,,,ras
28 fevrier 2008 ,Belledonne,Grésivaudan ,SW,45.28252,6.074538,30,,,,"RAS pour ce jour mais de grosses coulées sur le flanc gauche de la combe, plus de nombreuses boules dans la pente."
28 fevrier 2008 ,Ecrins,"Haute Durance, Briançonnais ",E,44.7421,06.4896,40,,,,Aucune
27 fevrier 2008 ,Ecrins,Champsaur ,SE,44.6937,06.3706,,,,,Aucune
25 fevrier 2008 ,Chablais - Faucigny,Faucigny ,N,46.1441,06.5907,40,,,,RAS
28 fevrier 2008 ,Lauzière - Cheval Noir,Maurienne ,SE,45.4230,6.3596,35,,,,"de nombreux plis, bosses, trous et boules en face sud. Ce jour malgrés tout aucune coulée."
28 fevrier 2008 ,Haut Giffre - Aiguilles Rouges,Vallée de l'Arve ,N,46.0048,06.6903,35,,,,ras
28 fevrier 2008 ,Belledonne,Grésivaudan ,NW,45.28252,6.074538,,,,,RAS
28 fevrier 2008 ,Ecrins,Embrunais ,N,44.6153,06.3335,30,,,,RAS. Une plaque descendue récemment sous le sommet. Stabilité ailleurs. 
22 fevrier 2008 ,Lauzière - Cheval Noir,Tarentaise ,N,45.47123,6.41270,30,45.467261495103266,6.387576419101878,1715.4545454545455,aucune
01 janvier 2008 ,Beaufortain,Tarentaise ,W,45.5590,06.5241,35,45.560727082974424,6.54609181403697,1837.3541960697723,Aucune
19 fevrier 2008 ,Queyras - Alpes Cozie N,Queyras ,NE,44.69759,6.85885,30,,,,RAS
27 fevrier 2008 ,Belledonne,Grésivaudan ,S,45.1870,5.8994,30,,,,"rien à signaler, tout semble bien purgé, de nombreuses boules sous les couloirs"
21 fevrier 2008 ,Belledonne,Grésivaudan ,W,45.12585,5.87897,,,,,néant
18 fevrier 2008 ,Belledonne,Grésivaudan ,W,45.12585,5.87897,,,,,néant
27 fevrier 2008 ,Ubaye - Parpaillon - Alpes Cozie S,Embrunais ,T,44.48473,6.55066,45,,,,RAS
03 janvier 2008 ,Beaufortain,Beaufortain ,N,45.7072,06.4630,30,,,,aucune
23 fevrier 2008 ,Mercantour - Alpes Maritimes Italiennes,Tinée ,NW,44.28341,6.866776,35,44.27036302898937,6.868767228660872,1988.1765668676326,RAS
24 fevrier 2008 ,Haut Giffre - Aiguilles Rouges,Bas Valais - Chablais Vaudois ,NW,46.1631,06.8609,35,,,,"Aucune, mais il faut être bien méfiant sur les pentes que l'on traverse sous le sommet."
24 fevrier 2008 ,Ecrins,"Haute Durance, Briançonnais ",SE,44.7588,6.5291,30,,,,RAS
26 fevrier 2008 ,Devoluy,Devoluy ,E,44.6656,05.9468,35,,,,RAS
24 fevrier 2008 ,Cerces - Thabor - Mont Cenis,"Haute Durance, Briançonnais ",T,45.0181,06.4663,45,,,,RAS
24 fevrier 2008 ,Bornes - Aravis,Borne-Fier ,NW,45.9231,06.4836,45,,,,RAS
26 fevrier 2008 ,Grandes Rousses - Arves,Maurienne ,SE,45.1212,06.4173,30,,,,ras
22 fevrier 2008 ,Lauzière - Cheval Noir,Tarentaise ,N,45.47123,6.41270,30,45.467261495103266,6.387576419101878,1715.4545454545455,ras
26 fevrier 2008 ,Haut Giffre - Aiguilles Rouges,Vallée de l'Arve ,T,45.9693,06.8750,40,,,,"Nulle ce jour, nombreuses purges des versants ensoleillés."
26 fevrier 2008 ,Bornes - Aravis,Borne-Fier ,NE,45.8467,06.3151,35,,,,"rien à signaler sur la Tournette. Par contre, une belle coulée dans la combe W du Charvin, je ne sais pas de quand elle date."
16 fevrier 2008 ,Belledonne,Grésivaudan ,W,45.12585,5.87897,,,,,néant
24 fevrier 2008 ,Belledonne,Grésivaudan ,W,45.1870,5.8994,40,45.16994238723128,5.9110239393647745,1597.8564966313768,RAS
22 fevrier 2008 ,Queyras - Alpes Cozie N,Queyras ,N,44.7334,6.8353,40,,,,RAS
24 fevrier 2008 ,Corse,,T,42.07729,9.147030,50,42.06349077105265,9.13433006403509,2071.7531395614033,RAS
25 fevrier 2008 ,Taillefer - Matheysine,Matheysine et périphériques ,S,45.0101,05.8865,35,,,,"Grosse coulée de fond observée sur le versant surplombant le col d'Ornon... Sinon, rien d'autre dans le secteur."
24 fevrier 2008 ,Préalpes de Digne,,T,44.35917,6.38028,35,,,,Néant
25 fevrier 2008 ,Lauzière - Cheval Noir,Tarentaise ,E,45.4991,06.4317,35,,,,RAS
25 fevrier 2008 ,Mercantour - Alpes Maritimes Italiennes,Val Gesso et Vermenagna (Alpi Marittime) ,W,44.19955,7.591080,35,,,,"néant, tout est bien stabilisé, neige de printemps dans les versants exposés au soleil , parfois de la poudre dans les versants qui ont peu vu celui-ci, en fait conditions idéales actuellement mais coutaux recommandés."
25 fevrier 2008 ,Chartreuse,Chartreuse ,SW,45.33112,5.84682,35,,,,RAS
23 fevrier 2008 ,Belledonne,Grésivaudan ,NE,45.24319,5.979609,40,,,,aucune
24 fevrier 2008 ,Taillefer - Matheysine,Matheysine et périphériques ,W,44.9728,05.8252,,44.97776121090911,5.843565025454547,1919.2861999999986,RAS
24 fevrier 2008 ,Bornes - Aravis,Borne-Fier ,NW,45.9231,06.4836,30,,,,aucune - neige transformée/glacée sur le tiers du bas puis bien stabilisée mais agréable plus haut dans le vallon et jusqu'au col. 
23 fevrier 2008 ,Ecrins,Matheysine et périphériques ,NE,44.8596,6.0519,35,,,,RAS
24 fevrier 2008 ,Devoluy,Devoluy ,SE,44.6719,05.8567,35,,,,rien de neuf
23 fevrier 2008 ,Préalpes de Digne,Ubaye ,E,44.35639,6.48417,32,,,,"néant, même si les faces au soleil s'humidifient très fortement!"
24 fevrier 2008 ,Cerces - Thabor - Mont Cenis,Maurienne ,N,45.16170,6.494550,45,,,,Rien a signaler mise a part quelques coulées en versant sud.
23 fevrier 2008 ,Cerces - Thabor - Mont Cenis,Maurienne ,W,45.1725,6.4981,,,,,"Quelques coulées en pentes S, mais rien de bien mechant"
23 fevrier 2008 ,Corse,,T,42.07729,9.147030,50,42.06349077105265,9.13433006403509,2071.7531395614033,aucune
22 fevrier 2008 ,Cerces - Thabor - Mont Cenis,"Haute Durance, Briançonnais ",N,45.01556,6.63861,35,,,,néant
22 fevrier 2008 ,Haut Giffre - Aiguilles Rouges,Vallée de l'Arve ,N,46.0048,06.6903,30,,,,RAS
24 fevrier 2008 ,Belledonne,Grésivaudan ,NE,45.43083,6.18167,45,,,,RAS
19 fevrier 2008 ,Belledonne,Grésivaudan ,W,45.24319,5.979609,35,,,,néant
21 fevrier 2008 ,Cerces - Thabor - Mont Cenis,"Haute Durance, Briançonnais ",NW,45.01942,6.606645,25,,,,néant
24 fevrier 2008 ,Belledonne,Grésivaudan ,W,45.14037,5.88762,45,,,,RAS
24 fevrier 2008 ,Lauzière - Cheval Noir,Tarentaise ,SE,45.4991,06.4317,32,,,,RAS
24 fevrier 2008 ,Mercantour - Alpes Maritimes Italiennes,Ubaye ,SW,44.31188,6.739082,40,,,,RAS
24 fevrier 2008 ,Belledonne,Maurienne ,SE,45.31620,6.25053,80,,,,RAS
24 fevrier 2008 ,Devoluy,Devoluy ,T,44.6656,05.9468,40,,,,RAS 
24 fevrier 2008 ,Grandes Rousses - Arves,Maurienne ,SE,45.1212,06.4173,20,,,,"RAS, des plus ou moins vieilles coulées en face Sud et surtout Est mais pas sur l'itinéraire"
24 fevrier 2008 ,Bornes - Aravis,Borne-Fier ,NW,45.8028,06.3850,35,,,,aucune
24 fevrier 2008 ,Cerdagne - Capcir - Conflent,,T,42.64970,02.07807,50,,,,néant
22 fevrier 2008 ,Lauzière - Cheval Noir,Tarentaise ,NE,45.4141,06.4791,40,45.39395737250005,6.422160732499999,2037.5435833333336,"Néant, quelques vieilles coulées dans les pentes EST pentues."
24 fevrier 2008 ,Belledonne,Maurienne ,N,45.3863,6.2342,50,,,,"une petite coulée de neige lourde observée (de près pour Louis...) sous la face N, dans une pente surchauffée. Rien d'autre à signaler."
19 fevrier 2008 ,Ecrins,Champsaur ,N,44.6628,06.3179,35,,,,néant
21 fevrier 2008 ,Ecrins,Champsaur ,S,44.6970,06.3225,,,,,néant
23 fevrier 2008 ,Ecrins,Champsaur ,S,44.6891,06.1663,30,,,,néant
24 fevrier 2008 ,Queyras - Alpes Cozie N,"Haute Durance, Briançonnais ",N,44.85518,6.72729,50,,,,RAS
24 fevrier 2008 ,Devoluy,Devoluy ,E,44.7203,05.8807,35,,,,néant
24 fevrier 2008 ,Chartreuse,Chartreuse ,T,45.39988,5.79938,35,,,,aucune
24 fevrier 2008 ,Haut Giffre - Aiguilles Rouges,Vallée de l'Arve ,NW,46.0192,06.9198,50,,,,Nulle
24 fevrier 2008 ,Lauzière - Cheval Noir,Tarentaise ,E,45.4991,06.4317,35,,,,néant
24 fevrier 2008 ,Belledonne,Grésivaudan ,SW,45.1870,5.8994,30,,,,Aucune
24 fevrier 2008 ,Vercors,Trièves Dévoluy ,E,45.0189,05.6130,40,,,,aucune
24 fevrier 2008 ,Belledonne,Grésivaudan ,W,45.14037,5.88762,45,,,,RAS
24 fevrier 2008 ,Belledonne,Maurienne ,S,45.29037,6.21708,35,,,,RAS                                       
24 fevrier 2008 ,Belledonne,Grésivaudan ,T,45.24319,5.979609,30,,,,aucune
23 fevrier 2008 ,Belledonne,Grésivaudan ,NE,45.3936,6.1279,45,,,,RAS
20 fevrier 2008 ,Queyras - Alpes Cozie N,Queyras ,N,44.69969,6.86596,40,,,,RAS
22 fevrier 2008 ,Beaufortain,Beaufortain ,E,45.6745,06.5436,40,,,,ras
23 fevrier 2008 ,"Cascades (USA, Nord-Ouest)",,W,47.42617,-121.416,40,,,,RAS
23 fevrier 2008 ,Bauges,Bauges ,W,45.73372,6.16853,40,,,,Aucune
21 fevrier 2008 ,Vercors,Trièves Dévoluy ,E,44.8924,05.5480,45,,,,Néant
19 fevrier 2008 ,Vanoise,Tarentaise ,W,45.3811,06.7352,30,,,,RAS. Des plaques sont néanmoins en cours de formation contre les versants N rencontrés.
23 fevrier 2008 ,Bornes - Aravis,Borne-Fier ,T,45.9774,06.4691,40,,,,RAS
18 fevrier 2008 ,Queyras - Alpes Cozie N,Queyras ,W,44.72739,6.87546,35,,,,Rien  
22 fevrier 2008 ,Vercors,Trièves Dévoluy ,T,44.8596,05.5588,35,,,,Néant.
23 fevrier 2008 ,Belledonne,Maurienne ,S,45.37180,6.25654,38,,,,Néant
22 fevrier 2008 ,Queyras - Alpes Cozie N,Queyras ,N,44.65054,6.79287,40,,,,Ras
16 fevrier 2008 ,Mercantour - Alpes Maritimes Italiennes,Vésubie ,T,44.11996,7.27398,30,,,,RAS
23 fevrier 2008 ,Ecrins,Champsaur ,N,44.7471,06.1226,45,,,,RAS
23 fevrier 2008 ,Devoluy,Devoluy ,SW,44.69833,5.94833,42,,,,RAS
20 fevrier 2008 ,Queyras - Alpes Cozie N,Queyras ,SW,44.65054,6.79287,35,,,,Ras
23 fevrier 2008 ,Ecrins,Champsaur ,SW,44.7471,06.1226,50,,,,RAS
23 fevrier 2008 ,Lauzière - Cheval Noir,Tarentaise ,S,45.4991,06.4317,30,,,,aucune
20 fevrier 2008 ,Queyras - Alpes Cozie N,Queyras ,NW,44.65054,6.79287,35,44.63779840619308,6.826343803278692,2266.6029143897995,Ras
23 fevrier 2008 ,Lauzière - Cheval Noir,Tarentaise ,E,45.47123,6.41270,50,,,,rien
23 fevrier 2008 ,Belledonne,Grésivaudan ,SW,45.28252,6.074538,45,,,,Rien de nouveau par rapport à la sortie du 17/02
23 fevrier 2008 ,Belledonne,Grésivaudan ,N,45.1870,5.8994,50,45.1759629507389,5.920524445812807,1723.5086206896551,RAS
16 fevrier 2008 ,Queyras - Alpes Cozie N,Queyras ,SW,44.6694,6.7774,,,,,Ras
23 fevrier 2008 ,Belledonne,Grésivaudan ,SW,45.14037,5.88762,35,45.13198100000002,5.903794294117646,1917.5529411764705,RAS
23 fevrier 2008 ,Belledonne,Grésivaudan ,NW,45.43083,6.18167,42,,,,aucune
20 janvier 2008 ,Beaufortain,Tarentaise ,S,45.5914,06.7282,25,,,,Néant.
15 décembre 2007 ,Beaufortain,Tarentaise ,S,45.5914,06.7282,25,,,,Néant.
23 fevrier 2008 ,Ecrins,Champsaur ,SE,44.6867,06.2338,35,,,,ras
23 fevrier 2008 ,Belledonne,Maurienne ,S,45.29037,6.21708,30,,,,RAS
23 fevrier 2008 ,Belledonne,Grésivaudan ,T,45.14037,5.88762,,45.127787799171855,5.911200683229815,2078.1424507329207,RAS
23 fevrier 2008 ,Bornes - Aravis,Borne-Fier ,S,45.9774,06.4691,45,,,,néant
23 fevrier 2008 ,Bornes - Aravis,Borne-Fier ,E,46.0023,06.5043,45,,,,RAS
10 fevrier 2008 ,Queyras - Alpes Cozie N,Queyras ,T,44.7569,06.9926,35,,,,"peu de neige, seul risque toucher  les cailloux, sinon rien à signaler aucun danger !"
23 fevrier 2008 ,Taillefer - Matheysine,Matheysine et périphériques ,T,44.9728,05.8252,45,,,,rien de neuf
22 fevrier 2008 ,Ecrins,Champsaur ,SW,44.8265,06.1450,40,,,,aucune
22 fevrier 2008 ,Haut Giffre - Aiguilles Rouges,Faucigny ,S,46.10695,6.74479,45,,,,RAS
21 fevrier 2008 ,Taillefer - Matheysine,Matheysine et périphériques ,N,45.0101,05.8865,45,,,,"aucune, les versants sud du Taillefer sont déjà bien dégarnis."
21 fevrier 2008 ,Belledonne,Oisans ,E,45.20321,6.04034,35,,,,RAS
22 fevrier 2008 ,Belledonne,Grésivaudan ,N,45.1870,5.8994,50,45.1759629507389,5.920524445812807,1723.5086206896551,rien de particulier
21 fevrier 2008 ,Belledonne,Grésivaudan ,T,45.20444,5.94607,50,,,,RAS
22 fevrier 2008 ,Alpes Grées S,Tarentaise ,N,45.4497,07.0098,40,,,,Néant.
21 fevrier 2008 ,Beaufortain,Tarentaise ,T,45.5924,06.6708,35,,,,RAS
22 fevrier 2008 ,Chablais - Faucigny,Faucigny ,S,46.1613,06.5568,30,,,,"RAS pour l'instant, mais ça part quand même en boulettes dans le plus raide et là où ça n'a pas était skié."
17 fevrier 2008 ,Vercors,Vercors ,W,45.0198,05.5313,35,,,,Aucune
22 fevrier 2008 ,Bornes - Aravis,Val d'Arly ,SE,45.8649,06.4886,45,,,,"Nulle ce jour, couloir purgé."
22 fevrier 2008 ,Belledonne,Grésivaudan ,NW,45.23947,5.95131,30,,,,RAS
22 fevrier 2008 ,Belledonne,Grésivaudan ,N,45.2620,6.0481,35,45.249869843599974,6.051491963400001,2040.8326352573959,RAS
22 fevrier 2008 ,Belledonne,Grésivaudan ,SW,45.14037,5.88762,35,45.13198100000002,5.903794294117646,1917.5529411764705,RAS
22 fevrier 2008 ,Chartreuse,Chartreuse ,W,45.2890,5.7664,30,45.28643799865561,5.778759944152887,1639.8253968253969,Néant
21 fevrier 2008 ,Mont Blanc,Vallée de l'Arve ,T,45.9784,6.9266,40,,,,Néant
21 fevrier 2008 ,Beaufortain,Tarentaise ,T,45.5805,06.6526,40,,,,ras
21 fevrier 2008 ,Belledonne,Grésivaudan ,S,45.24319,5.979609,35,45.23046504979177,6.005051057913233,1561.3260869565217,aucune
21 fevrier 2008 ,Belledonne,Grésivaudan ,N,45.2620,6.0481,35,45.249869843599974,6.051491963400001,2040.8326352573959,"Surcouche dans les Arcos vers 1500 qui part facilement, autrement RAS; pas de départ naturel"
21 fevrier 2008 ,Vercors,Vercors ,W,45.1071,05.6038,30,45.09813330927834,5.606122886597939,1485.884536082475,RAS
21 fevrier 2008 ,Haut Giffre - Aiguilles Rouges,Vallée de l'Arve ,SE,46.0192,06.9198,30,,,,RAS
21 fevrier 2008 ,Vanoise,Tarentaise ,NW,45.5128,06.5963,30,45.50296772566124,6.614936597461763,1872.9133811230586,Aucune.
21 fevrier 2008 ,Belledonne,Oisans ,E,45.20321,6.04034,50,45.189202580487816,6.014418140069683,1815.0734494773512,ras
21 fevrier 2008 ,Queyras - Alpes Cozie N,"Haute Durance, Briançonnais ",N,44.85518,6.72729,35,,,,RAS
21 fevrier 2008 ,Belledonne,Grésivaudan ,W,45.14037,5.88762,35,45.13063327022211,5.905430434796212,1958.8375,RAS.
20 fevrier 2008 ,Bauges,Bauges ,N,45.63847,6.19243,50,,,,"RAS dans le Pécloz, tout ce qui pouvait descendre ( Varapet ) est parti jusqqu'au sol. De nouvelles coulées dans les Arces W."
21 fevrier 2008 ,Vercors,Vercors ,W,45.0239,05.5174,30,,,,Rien
21 fevrier 2008 ,Ubaye - Parpaillon - Alpes Cozie S,Embrunais ,T,44.48473,6.55066,40,44.466371805128205,6.555050535897435,-9999.0,ras
21 fevrier 2008 ,Ecrins,Champsaur ,S,44.6891,06.1663,30,,,,ras
18 fevrier 2008 ,Queyras - Alpes Cozie N,Queyras ,SE,44.76791,6.73802,35,,,,"néant, attention quand même dans le ravin de Clapouse, rester plutôt dans les rares mélèzes"
19 fevrier 2008 ,Queyras - Alpes Cozie N,Queyras ,T,44.76791,6.73802,35,,,,"néant, attention pente raide dans le bois de mélèzes, éviter les couloirs qui le borde"
10 fevrier 2008 ,Belledonne,Maurienne ,N,45.31620,6.25053,43,,,,RAS.
19 fevrier 2008 ,Beaufortain,Tarentaise ,S,45.5590,06.5241,25,,,,RAS
19 fevrier 2008 ,Queyras - Alpes Cozie N,Queyras ,NW,44.82183,6.94309,35,,,,Ras
20 fevrier 2008 ,Queyras - Alpes Cozie N,"Haute Durance, Briançonnais ",T,44.72243,6.626129,40,,,,Ras
03 fevrier 2008 ,Beaufortain,Tarentaise ,S,45.5914,06.7282,25,,,,ras.
18 fevrier 2008 ,Queyras - Alpes Cozie N,Queyras ,T,44.79438,6.72378,40,,,,rien
20 fevrier 2008 ,Belledonne,Grésivaudan ,NE,45.28252,6.074538,,45.26346796263506,6.1056592749538465,1586.6521739130435,RAS
20 fevrier 2008 ,Belledonne,Grésivaudan ,N,45.24319,5.979609,50,,,,RAS
20 fevrier 2008 ,Belledonne,Maurienne Oisans ,S,45.23974,6.17532,40,,,,RAS
20 fevrier 2008 ,Belledonne,Maurienne ,E,45.28305,6.21008,40,,,,RAS
20 fevrier 2008 ,Belledonne,Grésivaudan ,T,45.14037,5.88762,,45.127787799171855,5.911200683229815,2078.1424507329207,RAS
20 fevrier 2008 ,Belledonne,Grésivaudan ,N,45.28252,6.074538,30,45.26431419880862,6.084586419728,1744.4073333333333,RAS.
20 fevrier 2008 ,Belledonne,Grésivaudan ,S,45.1870,5.8994,30,,,,aucune
18 fevrier 2008 ,Ecrins,Oisans ,W,44.94611,6.18806,35,,,,aucune
19 fevrier 2008 ,Ecrins,Oisans ,N,45.01769,6.04073,35,,,,"aucune activité avalancheuse observée ce jour sur cette itinéraire, ni sur les faces visiblent depuis celui-ci."
19 fevrier 2008 ,Lauzière - Cheval Noir,Tarentaise ,N,45.47123,6.41270,30,45.467261495103266,6.387576419101878,1715.4545454545455,Aucune activité cependant de nombreuses coulées de fonte ont été observées et sont en préparation coté Sud de la combe de la valette
09 fevrier 2008 ,Vercors,Trièves Dévoluy ,NE,44.8596,05.5588,30,44.85039440939136,5.535652752173916,1537.764347826087,ras 
19 fevrier 2008 ,Préalpes de Grasse,,N,43.83139,6.95944,,,,,ras
16 fevrier 2008 ,Belledonne,Grésivaudan ,T,45.12585,5.87897,40,45.24936194791669,6.083166552083338,2151.858596151041,"Neige trés stabilisée, ras"
19 fevrier 2008 ,Mont Blanc,Vallée de l'Arve ,T,45.79597,6.71743,45,,,,Néant
19 fevrier 2008 ,Cerces - Thabor - Mont Cenis,"Haute Durance, Briançonnais ",SE,44.9400,06.5887,37,,,,ras
19 fevrier 2008 ,Bornes - Aravis,Borne-Fier ,T,45.8373,06.4159,43,,,,ras
19 fevrier 2008 ,Belledonne,Grésivaudan ,SW,45.1870,5.8994,30,,,,RAS
19 fevrier 2008 ,Mont Blanc,Vallée de l'Arve ,SE,45.9784,6.9266,45,,,,aucune
19 fevrier 2008 ,Vanoise,Tarentaise ,S,45.4546,6.6327,30,,,,Néant
16 fevrier 2008 ,Mont Blanc,Vallée de l'Arve ,W,45.9784,6.9266,45,,,,Néant.
19 fevrier 2008 ,Belledonne,Grésivaudan ,SW,45.14037,5.88762,35,,,,RAS. Attention aux éventuelles plaques en formation sous Jasse Bralard avec le vent qui s'est levé.
19 fevrier 2008 ,Ubaye - Parpaillon - Alpes Cozie S,Embrunais ,SE,44.48473,6.55066,50,,,,neant
17 fevrier 2008 ,Grand Paradis,Val d'Aoste ,W,45.5247,7.2004,35,45.51545643145526,7.226753943029607,2454.3625,"nulle: pas d'avalanches, ni recentes, ni vieilles, du du manque de neige en altitude. Itineraire tres sur par temps froid, en ces conditions. Couteaux indispensables pour le premier ressault du glacier. "
19 fevrier 2008 ,Bornes - Aravis,Borne-Fier ,SW,45.8028,06.3850,45,,,,ras
17 fevrier 2008 ,Bornes - Aravis,Borne-Fier ,N,46.0023,06.5043,40,,,,RAS
18 fevrier 2008 ,Grand Paradis,Val d'Aoste ,N,45.5247,7.2004,30,,,,aucune
19 fevrier 2008 ,Belledonne,Grésivaudan ,W,45.12585,5.87897,35,,,,RAS
19 fevrier 2008 ,Vercors,Trièves Dévoluy ,E,45.0189,05.6130,40,,,,ras
19 fevrier 2008 ,Belledonne,Grésivaudan ,SE,45.24319,5.979609,35,,,,RAS
19 fevrier 2008 ,Vercors,Trièves Dévoluy ,E,44.9435,05.5445,45,,,,RAS
19 fevrier 2008 ,Bornes - Aravis,Borne-Fier ,W,46.0141,06.3012,25,,,,RAS
18 fevrier 2008 ,Belledonne,Grésivaudan ,SW,45.1870,5.8994,35,,,,ras la majorité des purges sont faites
18 fevrier 2008 ,"Cascades (USA, Nord-Ouest)",,W,47.39361,-121.390,35,,,,RAS
17 fevrier 2008 ,Grandes Rousses - Arves,Maurienne ,S,45.1212,06.4173,35,,,,RAS
17 fevrier 2008 ,Mercantour - Alpes Maritimes Italiennes,Ubaye ,T,44.31188,6.739082,35,,,,RAS
17 fevrier 2008 ,Vercors,Trièves Dévoluy ,NE,44.8596,05.5588,30,44.85039440939136,5.535652752173916,1537.764347826087,aucune
17 fevrier 2008 ,Bornes - Aravis,Faucigny ,W,46.0237,06.4790,45,,,,RAS
18 fevrier 2008 ,Belledonne,Maurienne ,S,45.29037,6.21708,30,,,,RAS
18 fevrier 2008 ,Ecrins,"Oisans Haute Durance, Briançonnais ",NE,45.0332,6.4037,30,,,,RAS
18 fevrier 2008 ,Ecrins,Embrunais ,SE,44.6153,06.3335,40,,,,"neant. Tout semble bien stable dans les orientations de NE a NW. Bizarre, la neige n'est pas completement transfo en sud, mais pourtant tres travaillee par le soleil.."
18 fevrier 2008 ,Bornes - Aravis,Borne-Fier ,SE,45.9774,06.4691,25,,,,RAS                                                                                                                                                                
18 fevrier 2008 ,Haut Giffre - Aiguilles Rouges,Faucigny ,S,46.1125,06.7503,50,,,,RAS
18 fevrier 2008 ,Ecrins,"Haute Durance, Briançonnais ",N,44.9874,6.4816,45,,,,NEANT. PAS DE COULEE DANS LE COULOIR. PAS PLAQUE SUR LE HAUT. LA NEIGE EST LEGERE TASSEE ET PORTANTE JUSQU'A 50 M SOUS LE SOMMET .APRES NEIGE DURE TRAVAILLEE PAR LES DERAPAGE DE DESCENTE. RIVE GAUCHE NEIGE DURE SUR UNE BONNE PARTIE DU BAS DU COULOIR. NEIGE LEGERE ET BONNE A SKIEE SUR TOUT LE COULOIR.
18 fevrier 2008 ,Chartreuse,Grésivaudan ,NE,45.3559,05.9188,40,45.356991203739796,5.902692849204759,1544.828125,ras
18 fevrier 2008 ,Chartreuse,Chartreuse ,T,45.39988,5.79938,35,,,,RAS
13 fevrier 2008 ,Beaufortain,Beaufortain ,T,45.6723,6.5401,40,,,,Aucune
18 fevrier 2008 ,Lauzière - Cheval Noir,Maurienne ,S,45.2831,06.4064,30,,,,"beaucoup d'anciennes coulées, pas d'activité observée ce jour"
18 fevrier 2008 ,Lauzière - Cheval Noir,Tarentaise ,SE,45.4991,06.4317,35,,,,RAS                                                                                                                                                                                                      
15 fevrier 2008 ,Belledonne,Grésivaudan ,E,45.28252,6.074538,30,,,,ras
17 fevrier 2008 ,Bornes - Aravis,Borne-Fier ,SE,45.9774,06.4691,25,,,,ras
16 fevrier 2008 ,Préalpes de Digne,,NW,44.27596,6.348059,35,,,,néant
17 fevrier 2008 ,Préalpes de Digne,Ubaye ,T,44.35915,6.473500,37,,,,néant
18 fevrier 2008 ,Belledonne,Grésivaudan ,W,45.1870,5.8994,40,45.16994238723128,5.9110239393647745,1597.8564966313768,ras
17 fevrier 2008 ,Chartreuse,Chartreuse ,W,45.33112,5.84682,45,45.34010347469138,5.866255585339511,1535.4087716581766,ras
15 fevrier 2008 ,Chartreuse,Chartreuse ,T,45.39988,5.79938,35,,,,Très stable. rien de visible. c'est gelée en bas mais bien skiable. La remontée sur le Grand som est bonne.
17 fevrier 2008 ,Belledonne,Grésivaudan ,E,45.24319,5.979609,35,,,,neant
26 janvier 2008 ,Belledonne,Grésivaudan ,W,45.1870,5.8994,35,,,,RAS
27 janvier 2008 ,Belledonne,Grésivaudan ,S,45.1870,5.8994,30,,,,RAS
17 fevrier 2008 ,Bornes - Aravis,Borne-Fier ,W,45.9489,06.5114,50,,,,RAS
17 fevrier 2008 ,Cerces - Thabor - Mont Cenis,"Haute Durance, Briançonnais ",SE,45.0181,06.4663,30,,,,RAS.
16 fevrier 2008 ,Devoluy,Devoluy ,S,44.69833,5.94833,35,,,,RAS
17 fevrier 2008 ,Belledonne,Grésivaudan ,W,45.1870,5.8994,35,,,,néant
17 fevrier 2008 ,Belledonne,Grésivaudan ,SW,45.28252,6.074538,30,,,,ras
17 fevrier 2008 ,Belledonne,Grésivaudan ,T,45.12585,5.87897,40,45.24936194791669,6.083166552083338,2151.858596151041,RAS                                   
17 fevrier 2008 ,Alpes Grées N,Tarentaise ,T,45.60083,6.88833,40,,,,ras
16 fevrier 2008 ,Mont Blanc,Vallée de l'Arve ,N,45.8791,6.8870,48,,,,ras
17 fevrier 2008 ,Bornes - Aravis,Borne-Fier ,SE,45.9225,6.3900,50,,,,                                                                                        RAS
17 fevrier 2008 ,Devoluy,Devoluy ,NE,44.6682,05.9512,30,,,,RAS
16 fevrier 2008 ,Bornes - Aravis,Borne-Fier ,T,45.9231,06.4836,40,45.923465427514365,6.505605724124395,1890.3513513513512,        pas d'activité observée. le mantaux parait stable sur l'ensemble d ela course 
16 fevrier 2008 ,Ecrins,Champsaur ,NE,44.7379,06.2479,30,,,,RAS
17 fevrier 2008 ,Taillefer - Matheysine,Oisans ,SE,45.0513,05.9750,30,,,,"RAS, pas de coulées en vue.                                                                                                                               "
17 fevrier 2008 ,Mont Blanc,Vallée de l'Arve ,SE,45.8791,6.8870,55,,,,RAS
16 fevrier 2008 ,Taillefer - Matheysine,Matheysine et périphériques ,T,45.0323,05.8576,35,,,,"Pas de trace de coulées, RAS.                                                                                                                                                                                  "
17 fevrier 2008 ,Ecrins,Embrunais ,NE,44.63806,6.54306,30,44.64799791196701,6.5324879312242174,1836.0524590137552,aucune
16 fevrier 2008 ,Belledonne,Grésivaudan ,N,45.33579,6.11992,50,,,,néant
17 fevrier 2008 ,Lauzière - Cheval Noir,Maurienne ,W,45.5387,06.3727,40,,,,RAS
17 fevrier 2008 ,Lauzière - Cheval Noir,Tarentaise ,N,45.47123,6.41270,30,45.467261495103266,6.387576419101878,1715.4545454545455,neant
17 fevrier 2008 ,Bornes - Aravis,Borne-Fier ,NE,45.8028,06.3850,50,,,,aucune
17 fevrier 2008 ,Lauzière - Cheval Noir,Tarentaise ,N,45.4680,06.4551,25,,,,néant
17 fevrier 2008 ,Devoluy,Buech ,S,44.6758,05.7570,45,,,,ras
17 fevrier 2008 ,Bornes - Aravis,Borne-Fier ,NW,45.8028,06.3850,35,,,,aucune
17 fevrier 2008 ,Taillefer - Matheysine,Matheysine et périphériques ,W,44.9728,05.8252,,44.97776121090911,5.843565025454547,1919.2861999999986,Néant
17 fevrier 2008 ,Bornes - Aravis,Borne-Fier ,W,45.8028,06.3850,45,,,,Neige dure le matin. excellent regel. aucune activité avalancheuse observé. En revanche par endroit le manque de neige commence à se faire sentir. Attention aux plaquex d'herbe parsemée de roches
17 fevrier 2008 ,Bornes - Aravis,Borne-Fier ,N,45.9489,06.5114,45,,,,RAS
17 fevrier 2008 ,Ecrins,Matheysine et périphériques ,NE,44.8596,6.0519,40,,,,aucune sur le trajet.
17 fevrier 2008 ,Vercors,Vercors ,W,45.1071,05.6038,30,45.09813330927834,5.606122886597939,1485.884536082475,Rien a Signaler
17 fevrier 2008 ,Ecrins,Champsaur ,NE,44.6937,06.3706,40,,,,RAS
17 fevrier 2008 ,Ecrins,Champsaur ,N,44.6937,06.3706,45,,,,aucune coulée observée.
17 fevrier 2008 ,Mont Blanc,Vallée de l'Arve ,SW,45.8231,06.7351,35,,,,Aucune
17 fevrier 2008 ,Vercors,Trièves Dévoluy ,SE,44.8596,05.5588,45,,,,Aucune
17 fevrier 2008 ,Belledonne,Maurienne ,NE,45.31620,6.25053,45,,,,aucune
17 fevrier 2008 ,Chablais - Faucigny,Chablais ,N,46.2093,06.5761,35,,,,RAS
17 fevrier 2008 ,Haut Giffre - Aiguilles Rouges,Chablais ,NW,46.1494,06.7543,40,,,,RAS
17 fevrier 2008 ,Mont Blanc,Valais Central ,NE,46.04964,7.086052,45,,,,RAS
17 fevrier 2008 ,Ecrins,Embrunais ,N,44.6153,06.3335,30,,,,Rien à signaler depuis la sortie du 3 février... Descente NW en excellente condition (poudreuse légère)
17 fevrier 2008 ,Belledonne,Grésivaudan ,NW,45.2620,6.0481,45,,,,ras
17 fevrier 2008 ,Belledonne,Grésivaudan ,T,45.1870,5.8994,35,,,,Rien. Pas mal de pentes purgées dans les combes de la Vaudaine et du jas du Four.
17 fevrier 2008 ,Belledonne,Grésivaudan ,SW,45.28252,6.074538,45,,,,Une coulée dans le bas du couloir SO et une également dans le bas du Jumeau oriental.
17 fevrier 2008 ,Lauzière - Cheval Noir,Tarentaise ,N,45.47123,6.41270,45,,,,RAS
17 fevrier 2008 ,Lauzière - Cheval Noir,Tarentaise ,E,45.4991,06.4317,35,,,,ras
17 fevrier 2008 ,Ecrins,"Haute Durance, Briançonnais ",NE,45.0108,6.4660,40,,,,RAS
17 fevrier 2008 ,Ecrins,Champsaur ,E,44.8102,06.1954,45,,,,RAS
17 fevrier 2008 ,Vercors,Trièves Dévoluy ,E,44.8924,05.5480,40,44.8804145784494,5.5250928160561585,1785.369352869353,RAS
17 fevrier 2008 ,Belledonne,Oisans ,S,45.20321,6.04034,40,45.22362837389999,6.044982037100008,1960.508,RAS
17 fevrier 2008 ,Bornes - Aravis,Borne-Fier ,S,45.9774,06.4691,45,,,,néant
17 fevrier 2008 ,Queyras - Alpes Cozie N,Queyras ,N,44.71893,6.90379,40,,,,RAS
04 fevrier 2008 ,Belledonne,Grésivaudan ,SW,45.10556,5.87534,30,,,,meme si la neige est fraiche elle tien bien ras
04 fevrier 2008 ,Belledonne,Grésivaudan ,W,45.12585,5.87897,,,,,ras neige fraiche mais domene des psite protege
16 fevrier 2008 ,Belledonne,Maurienne ,E,45.3945,6.2368,45,,,,Néant
16 fevrier 2008 ,Grandes Rousses - Arves,Oisans ,T,45.0825,06.1616,40,,,,RAS.
16 fevrier 2008 ,Chartreuse,Chartreuse ,NW,45.2890,5.7664,45,,,,neant
15 fevrier 2008 ,Beaufortain,Beaufortain ,N,45.66282,6.551198,,,,,Aucune
16 fevrier 2008 ,Bornes - Aravis,Faucigny ,E,46.0455,06.4436,,,,,aucune sur le parcours.
14 fevrier 2008 ,Beaufortain,Beaufortain ,N,45.7577,06.6128,30,,,,Aucune
16 fevrier 2008 ,Ecrins,Matheysine et périphériques ,SW,44.86866,6.09229,50,,,,Rien
16 fevrier 2008 ,Vanoise,Maurienne ,S,45.2997,06.9359,40,,,,néant
16 fevrier 2008 ,Belledonne,Grésivaudan ,W,45.1870,5.8994,45,,,,RAS
16 fevrier 2008 ,Belledonne,Grésivaudan ,T,45.1870,5.8994,40,,,,RAS
16 fevrier 2008 ,Lauzière - Cheval Noir,Tarentaise ,NE,45.4141,06.4791,40,45.39395737250005,6.422160732499999,2037.5435833333336,néant
16 fevrier 2008 ,Lauzière - Cheval Noir,Tarentaise ,NE,45.4991,06.4317,50,,,,ras
16 fevrier 2008 ,Devoluy,Buech ,SW,44.653,05.7264,,,,,ras
16 fevrier 2008 ,Lauzière - Cheval Noir,Tarentaise ,SE,45.4182,06.4678,50,,,,Néant
16 fevrier 2008 ,Belledonne,Grésivaudan ,NW,45.28252,6.074538,35,,,,neant
16 fevrier 2008 ,Belledonne,Grésivaudan ,T,45.1870,5.8994,40,45.17358119772075,5.941328950427351,2010.2619943019959,RAS
16 fevrier 2008 ,Ecrins,Champsaur ,SE,44.7379,06.2479,35,44.75062462702701,6.228239008108119,1920.0313349038258,ras
16 fevrier 2008 ,Ecrins,Embrunais ,S,44.6153,06.3335,42,,,,RAS
16 fevrier 2008 ,Belledonne,Grésivaudan ,S,45.24319,5.979609,35,45.23046504979177,6.005051057913233,1561.3260869565217,RAS                                                                                                                                                                                               
16 fevrier 2008 ,Ecrins,Champsaur ,SE,44.6937,06.3706,40,,,,néant
16 fevrier 2008 ,Belledonne,Grésivaudan ,S,45.28252,6.074538,40,,,,RAS
16 fevrier 2008 ,Belledonne,Grésivaudan ,NW,45.2620,6.0481,45,,,,RAS
16 fevrier 2008 ,Belledonne,Grésivaudan ,W,45.1870,5.8994,35,,,,aucune
16 fevrier 2008 ,Bornes - Aravis,Borne-Fier ,NE,45.8028,06.3850,50,,,,aucune
16 fevrier 2008 ,Ecrins,Champsaur ,N,44.6718,06.3242,30,44.65988181206158,6.332875964841735,2120.2899914456802,ras
16 fevrier 2008 ,Beaufortain,Beaufortain ,T,45.7072,06.4630,35,,,,RAS
16 fevrier 2008 ,Belledonne,Grésivaudan ,N,45.33579,6.11992,45,,,,Aucune
16 fevrier 2008 ,Belledonne,Grésivaudan ,NE,45.24319,5.979609,40,,,,"neant coulée de qq jours en face Sud. Neige bien stable avec quelques passages un peu plus dur au passage des verrous. les couteaux peuvent etre utiles, ca fuit un peu sous le pied par endroits.."
16 fevrier 2008 ,Bauges,Bauges ,NW,45.7137,06.2753,40,,,,RAS
11 fevrier 2008 ,Beaufortain,Beaufortain ,E,45.7731,06.6382,35,,,,"Rien à signaler,tout semble bien stable , BRA du jour 2/5                                                                     "
16 fevrier 2008 ,Bornes - Aravis,Borne-Fier ,S,45.9774,06.4691,45,,,,RAS
16 fevrier 2008 ,Ubaye - Parpaillon - Alpes Cozie S,Embrunais ,N,44.48473,6.55066,35,44.46073121807226,6.546364778313257,2216.5542168674697,RAS
15 fevrier 2008 ,Grandes Rousses - Arves,Oisans ,SE,45.1683,06.0948,35,,,,RAS
14 fevrier 2008 ,Devoluy,Devoluy ,N,44.6656,05.9468,35,44.641148048096206,5.92511365931863,2123.3426853707415,aucune
15 fevrier 2008 ,Devoluy,Devoluy ,T,44.6913,05.8628,40,,,,ras
15 fevrier 2008 ,Devoluy,Buech ,S,44.6758,05.7570,45,,,,RAS
15 fevrier 2008 ,Chartreuse,Grésivaudan ,SE,45.29762,5.84279,30,,,,néant
15 fevrier 2008 ,Chartreuse,Chartreuse ,W,45.2890,5.7664,30,45.28643799865561,5.778759944152887,1639.8253968253969,RAS.
15 fevrier 2008 ,Beaufortain,Tarentaise ,NE,45.6096,06.7418,45,,,,"néant, mais de nombreuses cassures du manteau neigeux jusqu'à l'herbe et des avalanches anciennes."
15 fevrier 2008 ,Grandes Rousses - Arves,Oisans ,NW,45.0583,06.3162,50,,,,ras
15 fevrier 2008 ,Taillefer - Matheysine,Matheysine et périphériques ,T,45.0323,05.8576,45,,,,RAS
15 fevrier 2008 ,Ecrins,Oisans ,N,44.96308,6.17812,50,,,,RAS
15 fevrier 2008 ,Vercors,Trièves Dévoluy ,NE,44.8596,05.5588,30,44.85039440939136,5.535652752173916,1537.764347826087,RAS
15 fevrier 2008 ,Haut Giffre - Aiguilles Rouges,Bas Valais - Chablais Vaudois ,NE,46.0822,06.9740,50,,,,RAS
14 fevrier 2008 ,Vanoise,Maurienne ,W,45.2513,06.4721,30,45.250792902866756,6.508581243507588,2299.841099448565,néant
12 fevrier 2008 ,Cerces - Thabor - Mont Cenis,Maurienne ,N,45.16170,6.494550,45,,,,"Néant, manteau neigeux trés faible dans ce sécteur du Thabor, les vents ont du être trés violents durant l'hiver, les crêtes sont complétements dégarnies et les rochers dans les pentes Nord ne sont pas trés loins."
15 fevrier 2008 ,Grandes Rousses - Arves,Maurienne ,E,45.1575,6.41889,35,,,,RAS
14 fevrier 2008 ,Devoluy,Devoluy ,SE,44.6983,05.8762,38,,,,néant
13 fevrier 2008 ,Bornes - Aravis,Faucigny ,NW,46.0296,06.5727,50,,,,RAS
14 fevrier 2008 ,Mont Blanc,Vallée de l'Arve ,NW,45.79597,6.71743,40,,,,RAS
14 fevrier 2008 ,Belledonne,Grésivaudan ,W,45.3936,6.1279,45,,,,Nada
14 fevrier 2008 ,Belledonne,Grésivaudan ,NW,45.43083,6.18167,40,,,,neant
14 fevrier 2008 ,Belledonne,Grésivaudan ,T,45.1870,5.8994,45,45.17155340800003,5.961297652000001,2265.489600000002,ras
14 fevrier 2008 ,Taillefer - Matheysine,Matheysine et périphériques ,T,44.9728,05.8252,45,,,,RAS 
14 fevrier 2008 ,Ecrins,Champsaur ,S,44.6891,06.1663,30,,,,aucune
08 fevrier 2008 ,Ubaye - Parpaillon - Alpes Cozie S,Embrunais ,NW,44.55966,6.547143,30,,,,Néant. Le manteau n'a pas été soufflé et paraît stable.
14 fevrier 2008 ,Bornes - Aravis,Borne-Fier ,W,45.8028,06.3850,45,,,,néant
14 fevrier 2008 ,Taillefer - Matheysine,Matheysine et périphériques ,N,45.0101,05.8865,45,,,,rien de neuf
14 fevrier 2008 ,Devoluy,Devoluy ,E,44.7203,05.8807,,,,,RAS
14 fevrier 2008 ,Belledonne,Oisans ,NE,45.13065,6.01986,45,,,,RAS
14 fevrier 2008 ,Devoluy,Devoluy ,S,44.6983,05.8762,45,,,,Aucune
14 fevrier 2008 ,Bornes - Aravis,Borne-Fier ,SE,45.9774,06.4691,25,,,,RAS
14 fevrier 2008 ,Bornes - Aravis,Borne-Fier ,SE,45.9774,06.4691,40,,,,RAS
14 fevrier 2008 ,Ubaye - Parpaillon - Alpes Cozie S,Embrunais ,N,44.48473,6.55066,25,,,,Aucune. Coulées anciennes le long des pentes de Costa Rouenda. Aucun risque relevé sur la totalité de la sortie.
08 fevrier 2008 ,Belledonne,Grésivaudan ,N,45.1870,5.8994,45,45.17186844998092,5.948688717250945,2149.192748091603,Pas d'activité avalancheuse seul quelques coulées de neige lourde au dessus des lacs du Doménon
13 fevrier 2008 ,Belledonne,Grésivaudan ,N,45.33579,6.11992,35,,,,RAS
13 fevrier 2008 ,Taillefer - Matheysine,Matheysine et périphériques ,W,44.9728,05.8252,,44.97776121090911,5.843565025454547,1919.2861999999986,RAS
13 fevrier 2008 ,Taillefer - Matheysine,Matheysine et périphériques ,W,44.9615,05.8229,35,,,,ras
13 fevrier 2008 ,Préalpes de Grasse,,N,43.83139,6.95944,,,,,RAS
13 fevrier 2008 ,Belledonne,Maurienne ,N,45.28305,6.21008,45,,,,RAS
13 fevrier 2008 ,Belledonne,Oisans ,SW,45.20321,6.04034,45,,,,ras
13 fevrier 2008 ,Belledonne,Grésivaudan ,S,45.24319,5.979609,32,45.22792784019999,6.007426910199992,1679.2106152367996,quelques anciennes coulées en versant chaud de E à S dans tous le vallon du Venetier mais rien vu partir aujourd'hui
13 fevrier 2008 ,Belledonne,Maurienne ,T,45.28305,6.21008,30,,,,RAS
13 fevrier 2008 ,Belledonne,Grésivaudan ,S,45.24319,5.979609,35,45.23046504979177,6.005051057913233,1561.3260869565217,"Quelques coulées dans les pentes sud, boulettes, escargots, mais rien de mechant."
13 fevrier 2008 ,Grandes Rousses - Arves,Oisans ,SE,45.1683,06.0948,42,,,,RAS
13 fevrier 2008 ,Vercors,Trièves Dévoluy ,E,44.9581,05.5497,40,,,,RAS. Trace de boulette de neige issues des barres rocheuses.
13 fevrier 2008 ,Vercors,Trièves Dévoluy ,SE,44.8596,05.5588,45,,,,Aucune..
12 fevrier 2008 ,Beaufortain,Beaufortain ,N,45.7072,06.4630,30,,,,rien !
12 fevrier 2008 ,Belledonne,Grésivaudan ,T,45.33579,6.11992,45,45.31559255733355,6.147061104320185,1623.3661971830986,Pas d'activité avalancheuse observée ce jour de beau temps avec vent froid. Le soleil nous a peu chauffé.
12 fevrier 2008 ,Ecrins,Champsaur ,SE,44.6867,06.2338,35,,,,ras. manteau bien stabilisé. peut etre quelques accumulations sous l'arete SE de soleil boeuf et un vieux départ de plaque au dessus des combes du palastre ( meme orientation que les accumulations de soleil boeuf)
10 fevrier 2008 ,Mercantour - Alpes Maritimes Italiennes,Roya ,W,44.09809,7.505764,,,,,néant. la descente directe près des arbres semble assez sûre ce qui n'est peut-être pas le cas des pentes suivantes d'ailleurs sans traces car tournées vers l'ouest et donc en neige plus travaillée. 
12 fevrier 2008 ,Cerdagne - Capcir - Conflent,,N,42.6233,2.0708,45,,,,ras
12 fevrier 2008 ,Beaufortain,Tarentaise ,N,45.5805,06.6526,40,,,,ras
12 fevrier 2008 ,Beaufortain,Tarentaise ,W,45.5590,06.5241,35,45.560727082974424,6.54609181403697,1837.3541960697723,Néant malgré quelques doutes sur la face Ouest sous le sommet. Début de descente prudente et espacée puis gros gavage dans la poudre.
12 fevrier 2008 ,Belledonne,Maurienne ,T,45.31620,6.25053,45,,,,ras
27 décembre 2007 ,Vercors,Trièves Dévoluy ,W,44.9143,05.5713,30,44.91704844050988,5.582777213881021,1448.0787535410764,Aucune
12 fevrier 2008 ,Devoluy,Champsaur ,E,44.6141,06.0812,30,,,,RAS
12 fevrier 2008 ,Chartreuse,Grésivaudan ,SW,45.29762,5.84279,50,,,,ras
10 fevrier 2008 ,Beaufortain,Tarentaise ,T,45.5924,06.6708,35,,,,"quelques traces de petites coulées en face S, quelques petites plaques (10cm d'épais) dans la face nord du Crey du Rey mais rien de bien inquiétant."
11 fevrier 2008 ,Chartreuse,Chartreuse ,E,45.4093,5.8308,45,,,,RAS
10 fevrier 2008 ,Belledonne,Maurienne ,S,45.31620,6.25053,,,,,RAS
11 fevrier 2008 ,Mercantour - Alpes Maritimes Italiennes,,NE,44.29563,7.644256,20,,,,"néant. Tout est très stable. Certains descendent de la crète menant au Bric COSTA ROSSA dans des pentes un peu protégées du soleil  et sur une belle distance (traces magnifiques)! Mais dans le bas on ne sait trop où ça finit, on va donc regarder la carte attentivement....."
10 fevrier 2008 ,Belledonne,Grésivaudan ,W,45.14037,5.88762,40,,,,néant
11 fevrier 2008 ,Chartreuse,Chartreuse ,T,45.39988,5.79938,35,,,,RAS
11 fevrier 2008 ,Beaufortain,Beaufortain ,T,45.7072,06.4630,40,,,,RAS
11 fevrier 2008 ,Grandes Rousses - Arves,Oisans ,SE,45.1683,06.0948,42,,,,aucune . pentes N chargées . 
11 fevrier 2008 ,Belledonne,Grésivaudan ,T,45.33579,6.11992,40,,,,"RAS. De vieilles coulées dans le couloir laissent des zones de boules assez dures à skier, mais assez faciles à éviter."
11 fevrier 2008 ,Belledonne,Oisans ,E,45.20321,6.04034,50,45.189202580487816,6.014418140069683,1815.0734494773512,ras
11 fevrier 2008 ,Belledonne,Grésivaudan ,S,45.24319,5.979609,32,45.22792784019999,6.007426910199992,1679.2106152367996,RAS
11 fevrier 2008 ,Belledonne,Grésivaudan ,S,45.24319,5.979609,40,,,,RAS. Monstrueuse plaque partie je ne sais quand en face N de la dent du Pra
09 fevrier 2008 ,Beaufortain,Vallée de l'Arve ,SE,45.8139,06.7199,35,,,,Néant
11 fevrier 2008 ,Bauges,Bauges ,W,45.6152,06.1111,35,,,,RAS
10 fevrier 2008 ,Belledonne,Grésivaudan ,W,45.24319,5.979609,38,,,,Pas d'activité particulière. Manteau stable. Quelques coulées superficielles aux abords du couloir.
10 fevrier 2008 ,Vercors,Vercors ,W,45.0715,05.5788,45,,,,"Pas d'activité observée, par contre la neige est sans cohesion sur fond dur au dessous du couloir. Présence de gobelet en surface. S'il reneige le secteur sera sans doute miné."
10 fevrier 2008 ,Bornes - Aravis,Borne-Fier ,W,46.0018,06.5408,35,,,,RAS
10 fevrier 2008 ,Taillefer - Matheysine,Matheysine et périphériques ,SW,44.9160,05.8788,35,44.92092563467491,5.899484613003095,1764.4024767801857,Vieilles coulées dans le couloir de départ. RAS ce jour.
03 fevrier 2008 ,Queyras - Alpes Cozie N,Queyras ,NW,44.77,6.95,35,,,,RAS
09 fevrier 2008 ,Chartreuse,Chartreuse ,E,45.4093,5.8308,42,,,,vieilles purges des barres sinon RAS ce jour.
11 fevrier 2008 ,Haut Giffre - Aiguilles Rouges,Bas Valais - Chablais Vaudois ,NE,46.0822,06.9740,50,,,,Néant
10 fevrier 2008 ,Corse,,SE,42.34840,9.009713,35,,,,aucune
27 janvier 2008 ,Chablais - Faucigny,Faucigny ,SE,46.1441,06.5907,35,,,,RAS
09 fevrier 2008 ,Bauges,Bauges ,S,45.6523,06.1857,30,,,,"ras-quelques plaques parties sous le mont de la coche...d'ailleurs, après plan de la limace, j'ai vu des gars qui ont voulu y aller mais ont préféré faire demi tour avant le sommet"
09 fevrier 2008 ,Devoluy,Devoluy ,SW,44.6003,5.9036,37,,,,les pentes sud ont bien purgé. Le nord est un peu chargé de poudre sur une sous-couche très saine. On a rien sans rien!
10 fevrier 2008 ,Alpes Grées N,Tarentaise ,W,45.60083,6.88833,35,,,,aucune.
10 fevrier 2008 ,Mont Blanc,Vallée de l'Arve ,NW,45.79597,6.71743,50,,,,aucune. Attention pente sud risque de déclanchement  spontanée d'avalanche de neige mouillée
09 fevrier 2008 ,Bornes - Aravis,Borne-Fier ,NE,45.8028,06.3850,50,,,,ras
10 fevrier 2008 ,Beaufortain,Tarentaise ,T,45.5924,06.6708,35,,,,RAS
10 fevrier 2008 ,Belledonne,Oisans ,E,45.20321,6.04034,50,45.189202580487816,6.014418140069683,1815.0734494773512,RAS
10 fevrier 2008 ,Vanoise,Maurienne ,W,45.2513,06.4721,30,45.250792902866756,6.508581243507588,2299.841099448565,aucune
10 fevrier 2008 ,Vercors,Vercors ,S,45.0715,05.5788,50,,,,"Il reste plus bcp de neige sur le bas, et la haut est bien soufflé, RAS.                                                                             "
09 fevrier 2008 ,Belledonne,Grésivaudan ,T,45.24319,5.979609,40,,,,ras
26 fevrier 2006 ,Mercantour - Alpes Maritimes Italiennes,Haut-Var ,T,44.24483,6.757117,35,,,,RAS
10 fevrier 2008 ,Belledonne,Grésivaudan ,T,45.33579,6.11992,30,,,,RAS
10 fevrier 2008 ,Belledonne,Maurienne ,E,45.28305,6.21008,30,45.280975264957306,6.170174150997159,1886.9430199430199,RAS
10 fevrier 2008 ,Belledonne,Grésivaudan ,T,45.33579,6.11992,45,45.31559255733355,6.147061104320185,1623.3661971830986,"quelques doutes sur les hauts de couloirs nord, mais rien vu finallemnt. De vieilles plaques doivent néammoins subsister sur les pentes à l'ombre."
10 fevrier 2008 ,Belledonne,Grésivaudan ,T,45.1870,5.8994,45,45.17155340800003,5.961297652000001,2265.489600000002,rien aux heures de passage. A noter cependant que plus tard le versant E du col de Belledonne a du etre un peu limite. Quelques coulées regelées dans ce vallon et celui du col de Freydane.
10 fevrier 2008 ,Belledonne,Oisans ,T,45.20321,6.04034,30,,,,RAS aujourd'hui. coulées de fonte en versant E et SE dans la Combe du ruisseau de la Jasse
10 fevrier 2008 ,Bornes - Aravis,Borne-Fier ,T,45.9763,06.4559,50,,,,néant
24 fevrier 2006 ,Mercantour - Alpes Maritimes Italiennes,Ubaye ,T,44.31188,6.739082,30,,,,RAS
10 fevrier 2008 ,Beaufortain,Vallée de l'Arve ,N,45.7921,06.7157,40,45.79163392480705,6.716211143025391,1237.7333333333333,RAS
10 fevrier 2008 ,Bornes - Aravis,Borne-Fier ,SE,46.0062,06.5151,40,,,,RAS
10 fevrier 2008 ,Belledonne,Oisans ,E,45.20321,6.04034,,,,,ras
10 fevrier 2008 ,Belledonne,Grésivaudan ,N,45.1870,5.8994,50,45.1759629507389,5.920524445812807,1723.5086206896551,Rien
10 fevrier 2008 ,Mercantour - Alpes Maritimes Italiennes,Vésubie ,SW,44.11325,7.289471,35,,,,néant
10 fevrier 2008 ,Beaufortain,Tarentaise ,N,45.5805,06.6526,40,,,,RAS
10 fevrier 2008 ,Queyras - Alpes Cozie N,Ubaye ,E,44.58583,6.82528,55,,,,RAS
10 fevrier 2008 ,Bornes - Aravis,Borne-Fier ,W,45.8518,06.4118,40,,,,RAS
10 fevrier 2008 ,Belledonne,Maurienne ,N,45.37180,6.25654,45,,,,néant
10 fevrier 2008 ,Belledonne,Maurienne ,N,45.28305,6.21008,45,,,,ras
10 fevrier 2008 ,Devoluy,Devoluy ,E,44.7203,05.8807,,,,,"RAS, mis à part quelques coulées de neige lourde qui date des jours précédent au niveau de la barre"
09 fevrier 2008 ,Ecrins,Champsaur ,S,44.6891,06.1663,30,,,,"RAS, quelques petits escargots dans l'aprés midi dans les dernieres pentes au dessus du réservoir."
10 fevrier 2008 ,Belledonne,Grésivaudan ,W,45.14037,5.88762,50,,,,RAS
10 fevrier 2008 ,Ecrins,"Haute Durance, Briançonnais ",E,44.9704,6.4998,30,,,,"RAS si ce n'est de veilles coulées pendant l'épisode neigeux. Ah oui, également, quelques glissements (décrochements) de manteau jusqu'au sol dans les versants chauds et raide jusqu'à 2200m mais qui ne vont pas loin."
10 fevrier 2008 ,Vercors,Vercors ,W,45.0559,05.5680,40,,,,RAS Aujourd'hui. Petites coulées venues des crêtes.
10 fevrier 2008 ,Lauzière - Cheval Noir,,W,,,35,,,,"aucune activité observée. En pente nord la neige reste seche mais densifiée par le vent (fini lapoudre de rêve!), en versant soleil il y a une croute de regèl de 5cm très dure sur de la neige sans cohésion. Mias à la déscente tout cela est devenue de la soupe qui finalement etait skiable!"
10 fevrier 2008 ,Vercors,Vercors ,E,44.9275,5.3211,30,,,,nulle
09 fevrier 2008 ,Belledonne,Grésivaudan ,T,45.1870,5.8994,40,,,,RAS
10 fevrier 2008 ,Grandes Rousses - Arves,Oisans ,SW,45.1683,06.0948,25,45.18011870846561,6.098068887301583,1801.1660498555555,néant
10 fevrier 2008 ,Chartreuse,Chartreuse ,T,45.33112,5.84682,40,,,,nulle
10 fevrier 2008 ,Belledonne,Maurienne ,S,45.28305,6.21008,35,,,,RAS                                                                                                                                                                                                                   
10 fevrier 2008 ,Bauges,Bauges ,NE,45.64251,6.063981,,,,,Néant
10 fevrier 2008 ,Belledonne,Grésivaudan ,S,45.24319,5.979609,35,45.23046504979177,6.005051057913233,1561.3260869565217,RAS
09 fevrier 2008 ,Bornes - Aravis,Borne-Fier ,W,45.9489,06.5114,35,,,,rien vu. Ca a deja purgé en pas mal d endroits (surtout le bas).
09 fevrier 2008 ,Beaufortain,Beaufortain ,T,45.7072,06.4630,35,,,,RAS
09 fevrier 2008 ,Belledonne,Grésivaudan ,W,45.24319,5.979609,38,,,,néant la neige ma paru stable dans le couloir
09 fevrier 2008 ,Belledonne,Maurienne ,T,45.29037,6.21708,35,,,,ras
09 fevrier 2008 ,Vercors,Trièves Dévoluy ,E,44.8924,05.5480,40,44.8804145784494,5.5250928160561585,1785.369352869353,aucune
09 fevrier 2008 ,Vercors,Vercors ,SW,45.0678,05.5680,30,,,,néant
03 fevrier 2008 ,Grandes Rousses - Arves,Oisans ,SW,45.0899,6.0842,40,,,,aucune
09 fevrier 2008 ,Belledonne,Grésivaudan ,W,45.1870,5.8994,35,,,,aucune
09 fevrier 2008 ,Haut Giffre - Aiguilles Rouges,Vallée de l'Arve ,NE,46.0227,06.9168,45,46.03562361969698,6.907768391287877,1956.4056692416675,Pas d'activité avalancheuse observée. Le haut de la branche de gauche (à la descente) était un peu chargé mais rien n'est parti.
09 fevrier 2008 ,Devoluy,Devoluy ,E,44.7203,05.8807,35,,,,RAS
09 fevrier 2008 ,Belledonne,Maurienne ,N,45.31620,6.25053,41,,,,RAS
30 décembre 2007 ,Ecrins,"Haute Durance, Briançonnais ",N,44.9874,6.4816,45,,,,"RAS, rien n'a bougé dans le secteur malgré le vent qui a bien maté le couloir.                                   "
09 fevrier 2008 ,Cerces - Thabor - Mont Cenis,"Haute Durance, Briançonnais ",S,45.0430,06.4254,35,,,,"Dans le raide, en S, on fait partir des toutes petites coulées, sinon, rien observé dans le secteur (de récent en tout cas)."
08 fevrier 2008 ,Cerces - Thabor - Mont Cenis,"Haute Durance, Briançonnais ",N,45.0181,06.4663,25,,,,"A part de rares coulées superficielles dans les raides versants sud, RAS            "
09 fevrier 2008 ,Belledonne,Maurienne ,S,45.28305,6.21008,35,,,,RAS
09 fevrier 2008 ,Belledonne,Grésivaudan ,W,45.1870,5.8994,35,,,,Pas d'activité observé. 
09 fevrier 2008 ,Haut Giffre - Aiguilles Rouges,Vallée de l'Arve ,E,46.0039,06.9235,35,,,,RAS si on part tôt à la montée. A la descente en nord je suis plus sceptique sur la stabilité. Un peu chargé à mon gout.
09 fevrier 2008 ,Vercors,Vercors ,NW,45.0715,05.5788,,45.0692325146222,5.592275584957856,1546.369802857143,aucune
09 fevrier 2008 ,Belledonne,Oisans ,S,45.20321,6.04034,40,45.22362837389999,6.044982037100008,1960.508,ras
06 fevrier 2008 ,Cerces - Thabor - Mont Cenis,"Haute Durance, Briançonnais ",S,44.9400,06.5887,,,,,RAS 
08 fevrier 2008 ,Belledonne,Oisans ,SE,45.13065,6.01986,45,,,,RAS hormis à la combe Gaudine sur la route
07 fevrier 2008 ,Belledonne,Grésivaudan ,W,45.12585,5.87897,35,,,,RAS
08 fevrier 2008 ,Chartreuse,Grésivaudan ,T,45.29762,5.84279,35,45.30364987303914,5.835208750245093,1461.5,aucune
08 fevrier 2008 ,Taillefer - Matheysine,Matheysine et périphériques ,T,45.0323,05.8576,45,,,,"aucune activité (coulée de fonte...); apparente stabilité des endroits plaqués (ex. juste avant le pas de la Mine, ou dans le couloir NNE au col de Grd van)"
08 fevrier 2008 ,Devoluy,Devoluy ,SW,44.6003,5.9036,40,,,,RAS
08 fevrier 2008 ,Devoluy,Devoluy ,SE,44.6719,05.8567,35,,,,néant
08 fevrier 2008 ,Chartreuse,Grésivaudan ,NE,45.3559,05.9188,40,45.356991203739796,5.902692849204759,1544.828125,RAS ! 
08 fevrier 2008 ,Lauzière - Cheval Noir,Tarentaise ,SE,45.47123,6.41270,,,,,"néant ce jour, mais beaucoup de pentes ont déjà purgées."
08 fevrier 2008 ,Devoluy,Devoluy ,E,44.7203,05.8807,,,,,ras
08 fevrier 2008 ,Belledonne,Maurienne ,NE,45.31620,6.25053,45,,,,"RAS en nord. Les vieilles plaques et accu dans les couloirs semblent stabilisées (...). Par contre, en sud : coulées de lourdes. C'est là un danger certain pour le ski d'après-midi dans les faces ensoleillées ou la neige n'a pas encore totalement transformé..."
08 fevrier 2008 ,Belledonne,Grésivaudan ,N,45.24319,5.979609,45,,,,ras
08 fevrier 2008 ,Belledonne,Oisans ,E,45.17793,6.03655,30,,,,Aucune  se matin. De veille trace en face S et SE. Aucun depart de plaque visible en N et NE comme mardi en montant au col de Roche Noire.
08 fevrier 2008 ,Chartreuse,Chartreuse ,W,45.2890,5.7664,30,45.28643799865561,5.778759944152887,1639.8253968253969,"RAS, c'est béton."
08 fevrier 2008 ,Vercors,Trièves Dévoluy ,E,45.0189,05.6130,40,,,,Aucune. On aperçoit des boules dans le couloir de droite qui sont la conséquence de la pluie-bruine tombée il y a 2 jours.
07 fevrier 2008 ,Corse,,W,41.82359,9.14209,25,,,,néant
07 fevrier 2008 ,Massif Central,,SW,45.54196,2.816587,45,,,,nada
07 fevrier 2008 ,Belledonne,Maurienne ,E,45.3945,6.2368,45,,,,"aucune, à part quelques escargots."
07 fevrier 2008 ,Ecrins,Matheysine et périphériques ,SW,44.86866,6.09229,50,,,,"Aucune, mais en particulier la zone raide sous 2700 m était inquiétante avec des zones plaquées et surtout une pente très, très chargée. Nous avons pris à la descente le couloir à gauche du plateau (en descendant) beaucoup plus sain. "
07 fevrier 2008 ,Beaufortain,Tarentaise ,S,45.6297,06.4799,40,,,,néant
07 fevrier 2008 ,Belledonne,Grésivaudan ,W,45.32596,6.047029,,,,,RAS
07 fevrier 2008 ,Beaufortain,Tarentaise ,S,45.5924,06.6708,35,,,,ras
07 fevrier 2008 ,Ubaye - Parpaillon - Alpes Cozie S,Embrunais ,NW,44.55966,6.547143,30,,,,Aucune. Le manteau n'a pas été soufflé et paraît stable. 
07 fevrier 2008 ,Chartreuse,Chartreuse ,W,45.2890,5.7664,30,45.28643799865561,5.778759944152887,1639.8253968253969,Aucune
07 fevrier 2008 ,Cerdagne - Capcir - Conflent,,T,42.64970,02.07807,50,,,,ras
07 fevrier 2008 ,Vercors,Vercors ,W,45.0715,05.5788,35,,,,"aucune, dans les fourches la pluie d'hier a déclenchée de nombreux départs de boules de neige vers le bas de la pente. Passer dedans est usant pour les jambes et l'on n'a pas pris de plaisir."
07 fevrier 2008 ,Chartreuse,Grésivaudan ,NE,45.3559,05.9188,40,45.356991203739796,5.902692849204759,1544.828125,aucune ce matin mais ça a du couler pas mal hier dans les pentes chaudes. il vaut mieux pas trainer trop tard dans les pentes ensoleillées. c'est déjà plus l'hiver...
05 fevrier 2008 ,Cerdagne - Capcir - Conflent,,N,42.47602,2.101800,50,,,,néant
06 fevrier 2008 ,Préalpes de Grasse,,N,43.83139,6.95944,,,,,aucune
06 fevrier 2008 ,Belledonne,Oisans ,E,45.20321,6.04034,35,,,,"R.A.S aujourd'hui, par contre reste de nombreuses purges en orientation sud ou nord, globalement de petite taille. A noter, 5cm de neige supplémentaire au-dessus de 2000m."
23 janvier 2008 ,Bornes - Aravis,Borne-Fier ,NW,46.0018,06.5408,35,,,,RAS
05 fevrier 2008 ,Haut Giffre - Aiguilles Rouges,Bas Valais - Chablais Vaudois ,S,46.0822,06.9740,35,,,,rien
08 janvier 2008 ,Belledonne,Grésivaudan ,N,45.14037,5.88762,30,45.13242081818182,5.90074718181818,1867.030303030303,"ras et pour cause, c'etait béton de chez béton, ça va que sur le haut le soleil a réchauffé la neige et du coup cà justifie la sortie ;-)"
20 janvier 2008 ,Grandes Rousses - Arves,"Haute Durance, Briançonnais ",SE,45.0423,06.4177,,45.054106868055534,6.403056887499999,2413.547153048612,"ras, excellente conditions pour faire du ski de rando en toute sécurité même si la skiabilité n'était pas formidable"
28 janvier 2008 ,Cerces - Thabor - Mont Cenis,"Haute Durance, Briançonnais ",SE,45.0181,06.4663,35,,,,"ras, pas de coulées ni de cassures en vue, risque 2 à ce moment là"
05 fevrier 2008 ,Bornes - Aravis,Borne-Fier ,NW,45.9231,06.4836,35,,,,aucune
02 fevrier 2008 ,Haut Giffre - Aiguilles Rouges,Chablais ,N,46.1494,06.7543,50,,,,coulées en surface de neige poudreuse lors de la descente sinon ras
05 fevrier 2008 ,Belledonne,Grésivaudan ,NE,45.28252,6.074538,50,,,,RAS. Dans le cône de déjection et le couloir c'est stable. On a bien fait gaffe dans la traversée.
05 fevrier 2008 ,Chartreuse,Chartreuse ,T,45.31378,5.77518,50,,,,Rien vu partir. Une plaque avait déjà purgé dans le milieu du couloir (hier?)
19 mai 2007 ,Ecrins,Oisans ,S,44.93258,6.29254,40,,,,néant
05 fevrier 2008 ,Bornes - Aravis,Borne-Fier ,W,46.0141,06.3012,25,,,,RAS
03 fevrier 2008 ,Mont Blanc,Bas Valais - Chablais Vaudois ,NE,46.0465,06.9942,35,,,,aucune
03 fevrier 2008 ,Bornes - Aravis,Borne-Fier ,T,46.0220,06.3820,40,,,,"RAS, mais avec le vent du SUD méfiance!"
03 fevrier 2008 ,Bauges,Bauges ,T,45.6648,06.1912,35,,,,"quelques purges naturelles, un certain nombre de versants bien plaqués, particulièrement en orientation SSO"
03 fevrier 2008 ,Corse,,T,41.998797,9.12316,20,,,,aucune
03 fevrier 2008 ,Mercantour - Alpes Maritimes Italiennes,Vésubie ,SW,44.11325,7.289471,35,,,,ras
03 fevrier 2008 ,Ecrins,Champsaur ,SE,44.6867,06.2338,35,,,,"Aucune. Très belle trace de montée avec choix de passer par le fond du replat plutôt qu'en longeant l'arête, à priori soufflée. "
03 fevrier 2008 ,Bauges,Bauges ,W,45.6459,06.0215,35,,,,Aucune mais plaques en formation et formée. Grosse accumulation par endroit suite vent fort de la nuit
03 fevrier 2008 ,Mercantour - Alpes Maritimes Italiennes,Tinée ,NW,44.28341,6.866776,35,,,,"néant, mais il ne faudrait pas s'avnturer dans ce vallon après une grosse chute de neige, il suffit pour s'en convaincre d'observer le côté amont des rares troncs d'arbres (rabougris) "
03 fevrier 2008 ,Belledonne,Grésivaudan ,S,45.24319,5.979609,35,45.23046504979177,6.005051057913233,1561.3260869565217,ras
03 fevrier 2008 ,Vercors,Vercors ,NW,45.0715,05.5788,,45.0692325146222,5.592275584957856,1546.369802857143,"ras dans les pentes faibles, mais avec un tel vent, des formations plaques sont probables (malgré le faible apport de la dernière chute)"
03 fevrier 2008 ,Grandes Rousses - Arves,Maurienne ,SE,45.1212,06.4173,30,,,,RAS
03 fevrier 2008 ,Belledonne,Oisans ,E,45.20321,6.04034,,,,,"RAS sur l'itinéraire, ça nous a semblé sain"
03 fevrier 2008 ,Chartreuse,Chartreuse ,W,45.2890,5.7664,30,45.28643799865561,5.778759944152887,1639.8253968253969,RAS (étonnament stable même...)
03 fevrier 2008 ,Beaufortain,Beaufortain ,E,45.6745,06.5436,35,,,,"neant, toutefois la legette presentait des corniches et de la neige en vaguelette, plaques ? un  gars seul a fait la trace jusqu'au sommet. les conditions parraissait pas bonne du tout"
03 fevrier 2008 ,Vanoise,Tarentaise ,T,45.3811,06.7352,35,45.385029677740874,6.773671149501659,2424.160465116281,néant mais les plaques sont en pleine formation
03 fevrier 2008 ,Chartreuse,Chartreuse ,T,45.35508,5.78776,35,45.374782526990565,5.803828661901113,1395.8695652173913,RAS
03 fevrier 2008 ,Bornes - Aravis,Borne-Fier ,T,45.9763,06.4559,50,,,,quelques coulées dans les pentes sous la Verte une vieille et groose avalanche sous les dalles du Rasoir
03 fevrier 2008 ,Belledonne,Grésivaudan ,NW,45.47054,6.191525,,,,,"Rien vu ni en forêt bien sûr, ni sur les crêtes, mais vu le vent plutôt SE, ça devrait bien s'accumuler"
03 fevrier 2008 ,Mercantour - Alpes Maritimes Italiennes,Vésubie ,SW,44.11325,7.289471,30,44.128517363483034,7.306154593820212,1842.9,rien
03 fevrier 2008 ,Belledonne,Grésivaudan ,E,45.33579,6.11992,,,,,RAS mais avec le vent sur les crêtes attention aux plaques.
03 fevrier 2008 ,Andorre - Ariège,,E,42.61211,1.637874,30,,,,néant
03 fevrier 2008 ,Chablais - Faucigny,Faucigny ,SE,46.1441,06.5907,35,,,,RAS
03 fevrier 2008 ,Devoluy,Devoluy ,S,44.6983,05.8762,45,,,,ras
03 fevrier 2008 ,Vercors,Vercors ,W,45.1071,05.6038,30,45.09813330927834,5.606122886597939,1485.884536082475,"aucune, mais l' usine à plaques à vent était en marche aujourd' hui, "
03 fevrier 2008 ,Cerces - Thabor - Mont Cenis,"Haute Durance, Briançonnais ",N,45.0181,06.4663,25,,,,Aucune.
03 fevrier 2008 ,Vercors,Trièves Dévoluy ,T,44.8924,05.5480,40,,,,"Aucune activité avalancheuse observée; le vent crée quelques plaques, petites.... pour l'instant"
03 fevrier 2008 ,Devoluy,Devoluy ,SE,44.7203,05.8807,35,,,,néant
03 fevrier 2008 ,Chartreuse,Chartreuse ,SW,45.35508,5.78776,,45.376349058553785,5.801651475308638,1310.4091994966504,aucune
03 fevrier 2008 ,Belledonne,Oisans ,E,45.20321,6.04034,50,45.189202580487816,6.014418140069683,1815.0734494773512,Quelques petite coulées dans l'ensemble ras
09 janvier 2008 ,Bornes - Aravis,Borne-Fier ,W,45.8028,06.3850,30,,,,RAS
27 janvier 2008 ,Beaufortain,Tarentaise ,S,45.5924,06.6708,35,,,,RAS
30 janvier 2008 ,Lauzière - Cheval Noir,Tarentaise ,N,45.47123,6.41270,45,,,,RAS
27 janvier 2008 ,Alpes Grées N,Tarentaise ,W,45.4823,06.9473,40,,,,aucune
02 fevrier 2008 ,Belledonne,Grésivaudan ,SW,45.10556,5.87534,30,,,,"aucune mais sur les pentes plus importantes (30°), le ski dérape et laisse apparaitre la croute de regel précédente."
02 fevrier 2008 ,Chartreuse,Chartreuse ,N,45.39988,5.79938,30,45.3929941023668,5.805901933064581,1468.344827586207,"Tout m'a semblé bien stable. Aucune plaque, rien d'inquiétant. Le vent ayant soufflé toute la journée, certains endroits sont peut-être plaqués (?)."
02 fevrier 2008 ,Belledonne,Maurienne ,N,45.37180,6.25654,45,,,,"neige très fraîche donc forcément ca purge fort à la descente mais rien vu ou presque à la montée. quelques risques de purge sans doute mais en faisant attention ce 4.3 n'est pas si dangereux avec une neige fraiche pas soufflée, en quantité pas excessive et une sous-couche comme aujourd'hui."
02 fevrier 2008 ,Vanoise,Maurienne ,W,45.2513,06.4721,30,45.250792902866756,6.508581243507588,2299.841099448565,néant
02 fevrier 2008 ,Chartreuse,Chartreuse ,T,45.39988,5.79938,35,,,,RAS. Pas beaucoup de neige mobilisable
02 fevrier 2008 ,Devoluy,Devoluy ,W,44.6042,06.0222,,,,,néant
02 fevrier 2008 ,Bornes - Aravis,Borne-Fier ,W,45.8028,06.3850,35,,,,RAS
02 fevrier 2008 ,Chablais - Faucigny,Faucigny ,S,46.1613,06.5568,30,,,,Pas d'activité avalancheuse observée. A noter toutefois un fort transport de neige avec le vent.
02 fevrier 2008 ,Bornes - Aravis,Faucigny ,N,46.0296,06.5727,30,46.010843630901284,6.5784333948497835,1849.6884120171667,RAS
02 fevrier 2008 ,Chartreuse,Chartreuse ,SW,45.2890,5.7664,,,,,aucune
02 fevrier 2008 ,Vercors,Vercors ,W,45.1071,05.6038,30,45.09813330927834,5.606122886597939,1485.884536082475,Aucune
02 fevrier 2008 ,Devoluy,Devoluy ,N,44.5903,6.0172,33,,,,RAS
02 fevrier 2008 ,Taillefer - Matheysine,Matheysine et périphériques ,NW,45.0323,05.8576,25,45.038509010300025,5.875859208650001,1933.9945903139983,Nulle
24 janvier 2008 ,Taillefer - Matheysine,Matheysine et périphériques ,NW,45.0233,05.8631,30,,,,aucune
01 fevrier 2008 ,Haut Giffre - Aiguilles Rouges,Vallée de l'Arve ,W,45.9509,06.7400,36,,,,RAS
31 janvier 2008 ,Valais W - Alpes Pennines W,Valais Central ,NE,45.9260,07.0972,43,,,,Néant
31 janvier 2008 ,Vercors,Vercors ,S,45.0715,05.5788,,,,,aucune
31 janvier 2008 ,Lauzière - Cheval Noir,Tarentaise ,NE,45.6309,06.4248,40,,,,aucune
31 janvier 2008 ,Chartreuse,Chartreuse ,W,45.2890,5.7664,30,45.28643799865561,5.778759944152887,1639.8253968253969,RAS
31 janvier 2008 ,Belledonne,Maurienne ,E,45.3945,6.2368,45,,,,neant
31 janvier 2008 ,Bauges,Bauges ,N,45.63847,6.19243,50,,,,"Néant, risque 1 justifié"
31 janvier 2008 ,Beaufortain,Tarentaise ,S,45.6297,06.4799,40,,,,ras
31 janvier 2008 ,Ecrins,Champsaur ,S,44.6227,06.2279,30,,,,"pas d'activité avalancheuse,la neige est bien stabilisée sur cette face sud. du sommet nous avons observé le Piolit (nord) qui semble aussi en bonnes conditions."
30 janvier 2008 ,Belledonne,Grésivaudan ,SW,45.24319,5.979609,40,,,,Aucune
30 janvier 2008 ,Belledonne,Grésivaudan ,W,45.32596,6.047029,,,,,néant
19 décembre 2007 ,Belledonne,Oisans ,S,45.20321,6.04034,40,45.22362837389999,6.044982037100008,1960.508,néant
26 janvier 2008 ,Grandes Rousses - Arves,Oisans ,SE,45.1683,06.0948,45,,,,ras
27 janvier 2008 ,Belledonne,Maurienne ,NE,45.31620,6.25053,45,,,,aucune                                                                 
26 janvier 2008 ,Belledonne,Grésivaudan ,NW,45.33579,6.11992,35,,,,Une bonne coulée sur la gauche du couloir du Gleysin qui ne gène pas la montée. Pas d'activité particulière à signaler sur cet itinéraire
29 janvier 2008 ,Ecrins,Matheysine et périphériques ,N,44.88117,6.01657,45,,,,aucune activité si ce n'est de gros escargot qui me coursé lor de ma descente du col du vallon de Lanchatra
05 décembre 2007 ,Belledonne,Maurienne ,S,45.28305,6.21008,35,,,,aucune
29 janvier 2008 ,Ecrins,Matheysine et périphériques ,W,44.88117,6.01657,40,,,,"Boulette à ma descente au soleil... les pentes nord étant bien trops dure, aucune activité vue sur le secteur"
29 janvier 2008 ,Vercors,Vercors ,E,45.0559,05.5680,35,,,,RAS. 
20 janvier 2008 ,Bornes - Aravis,Vallée de l'Arve ,NE,45.9578,06.6100,30,,,,"aucune, le manteau etait bien stable, on a bien attendue au sommet pour que sa décaille et ça n'a pas voulue."
29 janvier 2008 ,Beaufortain,Tarentaise ,S,45.5590,06.5241,25,,,,Aucune
29 janvier 2008 ,Belledonne,Grésivaudan ,N,45.3936,6.1279,50,,,,néant
29 janvier 2008 ,Belledonne,Grésivaudan ,T,45.1870,5.8994,40,,,,RAS
29 janvier 2008 ,Ecrins,Matheysine et périphériques ,T,44.9865,05.9704,35,,,,"RAS, pas vu de coulée (même une vieille). Il me manque 23 caractère alors je meuble un peu ;-)"
13 décembre 2007 ,Chartreuse,Chartreuse ,SW,45.35508,5.78776,,45.376349058553785,5.801651475308638,1310.4091994966504,aucune
27 janvier 2008 ,Vercors,Vercors ,W,45.0559,05.5680,40,,,,RAS
29 janvier 2008 ,Bornes - Aravis,Faucigny ,E,46.0455,06.4436,,,,,RAS
29 janvier 2008 ,Bornes - Aravis,Val d'Arly ,SE,45.8649,06.4886,50,,,,RAS
15 décembre 2007 ,Chartreuse,Chartreuse ,W,45.33112,5.84682,45,45.3301698598655,5.858074056053806,1368.6903587443937,aucune
27 janvier 2008 ,Alpes Grées S,Maurienne ,SW,45.3290,07.0110,40,,,,"RAS, mis à part de grosses coulées de fontes au dessus des Vincendières"
22 janvier 2008 ,Haut atlas Marocain,,W,31.06388,-7.93796,35,,,,"Aucune, neige bien stabilisée"
26 janvier 2008 ,Corse,,E,42.06065,9.17434,25,,,,aucune
27 janvier 2008 ,Haut Giffre - Aiguilles Rouges,Vallée de l'Arve ,T,45.9693,06.8750,40,,,,Néant
13 avril 2005 ,Lauzière - Cheval Noir,Tarentaise ,SE,45.4991,06.4317,32,,,,RAS
25 décembre 2007 ,Chartreuse,Chartreuse ,T,45.35508,5.78776,35,45.374782526990565,5.803828661901113,1395.8695652173913,aucune
26 janvier 2008 ,Haut Giffre - Aiguilles Rouges,Bas Valais - Chablais Vaudois ,NE,46.0822,06.9740,50,,,,RAS dans le secteur
17 novembre 2007 ,Chartreuse,Chartreuse ,W,45.3674,05.8409,,,,,aucune
27 janvier 2008 ,Haut Giffre - Aiguilles Rouges,Vallée de l'Arve ,NE,46.0227,06.9168,80,,,,rien à signaler dans le secteur. Le  Val de Tré les Eaux peut être avalancheux.
28 janvier 2008 ,Belledonne,Grésivaudan ,N,45.1870,5.8994,50,45.1759629507389,5.920524445812807,1723.5086206896551,nulle
28 janvier 2008 ,Taillefer - Matheysine,Matheysine et périphériques ,W,44.9615,05.8229,35,,,,"Rien de solide n'a bougé, par contre, que d'eau..."
27 janvier 2008 ,Mercantour - Alpes Maritimes Italiennes,Vésubie ,T,44.11996,7.27398,35,,,,RAS
26 janvier 2008 ,Mont Blanc,Vallée de l'Arve ,NW,45.79597,6.71743,50,,,,RAS
27 janvier 2008 ,Belledonne,Maurienne ,S,45.28305,6.21008,35,,,,"aucune. dans la combe du tepey, tout a déjà été purgé! dans le vallon des roches, pas d'activité"
26 janvier 2008 ,Lauzière - Cheval Noir,Tarentaise ,E,45.47123,6.41270,30,,,, RAS
27 janvier 2008 ,Belledonne,Grésivaudan ,E,45.24319,5.979609,40,,,,"La couche de neige, épaisse, semble bien installée. Rien à signaler dans le couloir EST en dehors d'une petite corniche sur l'arête sud menant au sommet. "
27 janvier 2008 ,Ecrins,Champsaur ,SE,44.6867,06.2338,35,,,,Aucune. Attention quelques chutes de pierres sont observés le long des barres Ouest.
26 janvier 2008 ,Belledonne,Grésivaudan ,W,45.14037,5.88762,45,,,,RAS
26 janvier 2008 ,Lauzière - Cheval Noir,Tarentaise ,N,45.47123,6.41270,30,45.467261495103266,6.387576419101878,1715.4545454545455,"Pas d'activité avalancheuse observée sur notre itinéraire, Attention aux versants ensoleillés l'AM"
27 janvier 2008 ,Lauzière - Cheval Noir,Maurienne ,S,45.2513,06.4721,40,,,,RAS
27 janvier 2008 ,Belledonne,Grésivaudan ,NW,45.24319,5.979609,35,,,,ras
26 janvier 2008 ,Devoluy,Buech ,SW,44.653,05.7264,,,,,"aucune, aucun départ de plaque dans le coin, juste quelques boules de ci de là."
27 janvier 2008 ,Beaufortain,Beaufortain ,E,45.6745,06.5436,35,,,,néant  . Attention toutefois aux accumulations sous la barre rocheuse avant la montée de la dernière face
26 janvier 2008 ,Ecrins,Oisans ,N,45.03162,6.01896,40,,,,aucune
27 janvier 2008 ,Belledonne,Grésivaudan ,W,45.2505,5.9930,35,,,,"aucune, manteau stable"
26 janvier 2008 ,Ecrins,"Oisans Haute Durance, Briançonnais ",NE,45.0332,6.4037,30,,,,RAS
27 janvier 2008 ,Bornes - Aravis,Borne-Fier ,W,45.8518,06.4118,25,,,,RAS
27 janvier 2008 ,Chartreuse,Chartreuse ,W,45.2890,5.7664,30,45.28643799865561,5.778759944152887,1639.8253968253969,RAS
27 janvier 2008 ,Mercantour - Alpes Maritimes Italiennes,,S,44.14476,7.782611,35,,,,"neige bien dure à la montée, les couteaux étaient obligatoire pour les 2 passages expos, puis pour les derniers mètres de la pente sommitale. Pas d'activité avalancheuse. La descente dure sur la pente sommitale et transformée sur tout le reste."
27 janvier 2008 ,Lauzière - Cheval Noir,Tarentaise ,NE,45.55733,6.448352,45,,,,"aucune.....route barrée par un tas de neige au sortir de Nacuday ce qui implique un portage.la montée jusquà la montagne d'en haut ce fait par un bon sentier déneigé jusqu' 1400 mètres ,le passage du col de l' arc est gelée ,la combe nord est   est poudreuse du sommet jusqu'à 1400 puis transformée."
27 janvier 2008 ,Devoluy,Devoluy ,N,44.64,5.85,55,,,,RAS. Des plaques formées par le vent mais qui semblent tenir
27 janvier 2008 ,Beaufortain,Tarentaise ,N,45.5805,06.6526,40,,,,RAS
27 janvier 2008 ,Ecrins,Champsaur ,W,44.57836,6.214699,40,,,,néant
27 janvier 2008 ,Devoluy,Devoluy ,T,44.6913,05.8628,40,,,,rien sur le parcours que je mentionne
27 janvier 2008 ,Belledonne,Oisans ,N,45.13065,6.01986,45,,,,ras
27 janvier 2008 ,Lauzière - Cheval Noir,Maurienne ,SE,45.3437,6.35625,50,,,,aucune
27 janvier 2008 ,Mont Blanc,Vallée de l'Arve ,T,45.79597,6.71743,30,,,,Aucune.
27 janvier 2008 ,Bornes - Aravis,Borne-Fier ,N,46.0023,06.5043,40,,,,aucune
26 janvier 2008 ,Belledonne,Oisans ,E,45.20321,6.04034,50,45.189202580487816,6.014418140069683,1815.0734494773512,RAS
31 décembre 2007 ,Chartreuse,Grésivaudan ,SE,45.29762,5.84279,30,,,,aucune
27 janvier 2008 ,Lauzière - Cheval Noir,Tarentaise ,E,45.47123,6.41270,43,,,,Rien remarqué de spécial.                                                        
27 janvier 2008 ,Taillefer - Matheysine,Matheysine et périphériques ,N,45.02667,5.845,50,,,,RAS
27 janvier 2008 ,Belledonne,Oisans ,S,45.20321,6.04034,40,45.22362837389999,6.044982037100008,1960.508,"RAS, mais la pente des ilettes 'est pas rassurante. Quelques glissements sur les pentes SUD au dessus de la forêt datant de samedi."
27 janvier 2008 ,Mont Blanc,Vallée de l'Arve ,NW,45.79597,6.71743,40,,,,RAS
26 janvier 2008 ,Ecrins,"Oisans Haute Durance, Briançonnais ",N,45.0332,6.4037,40,45.02168805660378,6.411802603773584,2555.811320754717,RAS
27 janvier 2008 ,Devoluy,Devoluy ,SW,44.6003,5.9036,37,,,,rien hormis quelques pierres comme toujours dans ce secteur
27 janvier 2008 ,Beaufortain,Tarentaise ,S,45.5924,06.6708,35,,,,néant
27 janvier 2008 ,Beaufortain,Tarentaise ,E,45.6329,06.7638,35,,,,Grosse plaque partie au-dessus du chemin en flanc NE du torrent. Sur le haut pas d'activité avalancheuse récente.
26 janvier 2008 ,Belledonne,Oisans ,E,45.17793,6.03655,40,,,,aucune
27 janvier 2008 ,Lauzière - Cheval Noir,Maurienne ,T,45.5387,06.3727,50,,,,"RAS, orientations W à priori stables, le vent a travaillé en NE?"
27 janvier 2008 par Gas,Belledonne,Grésivaudan ,N,45.1870,5.8994,50,45.1759629507389,5.920524445812807,1723.5086206896551,"aucune, manteau stable"
26 janvier 2008 ,Bornes - Aravis,Borne-Fier ,SE,46.0023,06.5043,40,,,,aucune
26 janvier 2008 ,Taillefer - Matheysine,Oisans ,E,45.0720,05.9799,35,45.08202407746479,5.971967956338029,1955.9734093028176,RAS. Sur le bas quelques petites plaques de fond sont en train de se décrocher lentement sous une neige trempée.
27 janvier 2008 ,Belledonne,Grésivaudan ,W,45.32596,6.047029,,,,,RAS
27 janvier 2008 ,Haut Giffre - Aiguilles Rouges,Vallée de l'Arve ,SE,45.9059,06.7908,35,,,,RAS
27 janvier 2008 ,Belledonne,Grésivaudan ,NW,45.43083,6.18167,42,,,,RAS
27 janvier 2008 ,Ecrins,"Oisans Haute Durance, Briançonnais ",N,45.0332,6.4037,50,,,,RAS
27 janvier 2008 ,Taillefer - Matheysine,Matheysine et périphériques ,T,45.0323,05.8576,45,,,,"Néant, Neige bien tassée, on retrouve des conditions de printemps. La neige est restée dure tout le long de la course."
27 janvier 2008 ,Belledonne,Grésivaudan ,SW,45.4279,6.1658,40,,,,RAS
27 janvier 2008 ,Bornes - Aravis,Borne-Fier ,S,46.0023,06.5043,45,,,,RAS
27 janvier 2008 ,Belledonne,Maurienne ,T,45.28305,6.21008,30,,,,Aucune
27 janvier 2008 ,Chartreuse,Chartreuse ,E,45.4093,5.8308,45,,,,des traces de coulées anciennes sous les parties les plus raides. Aujourd'hui néant.
27 janvier 2008 ,Chartreuse,Chartreuse ,W,45.4093,5.8308,35,,,,pas d'activité avalancheuse la neige semble bien stabilisée et dure même à la mi journée.
27 janvier 2008 ,Vercors,Trièves Dévoluy ,NE,44.8924,05.5480,40,,,,Aucune
27 janvier 2008 ,Lauzière - Cheval Noir,Tarentaise ,SE,45.4141,06.4791,25,,,,aucune 
27 janvier 2008 ,Belledonne,Grésivaudan ,W,45.24319,5.979609,38,,,,aucune
27 janvier 2008 ,Chartreuse,Grésivaudan ,SW,45.29762,5.84279,50,,,,RAS !
27 janvier 2008 ,Chartreuse,Chartreuse ,T,45.39988,5.79938,35,,,,aucune
26 janvier 2008 ,Mercantour - Alpes Maritimes Italiennes,Vésubie ,SW,44.11325,7.289471,35,,,,"RAS, quelques coulées de neige lourde dans les petes raides S et W."
26 janvier 2008 ,Taillefer - Matheysine,Oisans ,SE,45.0513,05.9750,30,,,,"néant, quelques vieilles coulées de-ci de-là, plaquée sous les crêtes de la Séa."
26 janvier 2008 ,Chartreuse,Chartreuse ,T,45.2890,5.7664,35,45.311872805368786,5.75074348836595,1478.1919191919192,RAS
26 janvier 2008 ,Bornes - Aravis,Borne-Fier ,N,45.8518,06.4118,45,,,,RAS
26 janvier 2008 ,Belledonne,Oisans ,T,45.20321,6.04034,40,45.189989381166015,6.005444272060009,2105.4490076680013,Aucune
26 janvier 2008 ,Belledonne,Grésivaudan ,W,45.1870,5.8994,35,,,,aucune
26 janvier 2008 ,Bornes - Aravis,Val d'Arly ,E,45.8794,06.5246,50,,,,ras
26 janvier 2008 ,Belledonne,Grésivaudan ,NW,45.33579,6.11992,35,,,,RAS
26 janvier 2008 ,Ubaye - Parpaillon - Alpes Cozie S,Embrunais ,N,44.48473,6.55066,35,44.46073121807226,6.546364778313257,2216.5542168674697,"RAS , sauf une plaque récente sous le sommet de l'alpe verdun"
26 janvier 2008 ,Bornes - Aravis,Borne-Fier ,NW,45.9231,06.4836,50,,,,RAS. Des débutes de traces de reptation dans les contrepentes très chaudes du couloir SW
26 janvier 2008 ,Haut Giffre - Aiguilles Rouges,Faucigny ,W,46.1125,06.7503,30,,,,aucune activité
26 janvier 2008 ,Chartreuse,Chartreuse ,SW,45.2890,5.7664,,,,,RAS
26 janvier 2008 ,Chartreuse,Chartreuse ,W,45.4635,05.9000,50,,,,aucune
26 janvier 2008 ,Belledonne,Oisans ,E,45.17793,6.03655,30,,,,"RAS, le manteau neigeux semble assez stable dans l'ensemble, mais les pentes inférieures menant au Lac, semble encore bien chargées. Attention"
26 janvier 2008 ,Beaufortain,Tarentaise ,E,45.5924,06.6708,50,,,,néant
26 janvier 2008 ,Vanoise,Maurienne ,SE,45.21587,6.695008,45,,,,nulle
26 janvier 2008 ,Lauzière - Cheval Noir,Tarentaise ,T,45.4182,06.4678,38,,,,RAS
26 janvier 2008 ,Devoluy,Devoluy ,SE,44.6719,05.8567,35,,,,rien
26 janvier 2008 ,Lauzière - Cheval Noir,Maurienne ,T,45.2513,06.4721,40,,,,ras
26 janvier 2008 ,Devoluy,Devoluy ,SW,44.6003,5.9036,37,,,,RAS
26 janvier 2008 ,Devoluy,Devoluy ,T,44.7681,05.8891,45,,,,Néant. Tout est bien bétonné.
26 janvier 2008 ,Belledonne,Grésivaudan ,W,45.43083,6.18167,40,,,,Néant
26 janvier 2008 ,Belledonne,Grésivaudan ,T,45.24319,5.979609,35,,,,RAS à part la combe SE du Replomb qui est vraiment le point chaud de cette boucle.
26 janvier 2008 ,Chablais - Faucigny,Faucigny ,S,46.1620,06.6187,45,,,,RAS
26 janvier 2008 ,Belledonne,Grésivaudan ,T,45.33579,6.11992,45,45.31559255733355,6.147061104320185,1623.3661971830986,RAS
26 janvier 2008 ,Lauzière - Cheval Noir,Maurienne ,S,45.5387,06.3727,35,45.55369929586293,6.365626709574472,1801.8108747044917,aucune
26 janvier 2008 ,Lauzière - Cheval Noir,,W,,,35,,,,"RAS, la neige est transfo sous le sommet, poudre tassée (avec des zones dures et des vagues) du col à 2200m - couteaux à la montée -, poudre pour rejoindre les pistes."
26 janvier 2008 ,Lauzière - Cheval Noir,Maurienne ,S,45.5387,06.3727,35,45.55369929586293,6.365626709574472,1801.8108747044917,aucune                                                  
26 janvier 2008 ,Chartreuse,Chartreuse ,T,45.35508,5.78776,35,45.374782526990565,5.803828661901113,1395.8695652173913,"RAS, même sur la face sud  la neige apparait pas tant cuite que çà. Donc pas de purges à l'horizon à priori."
26 janvier 2008 ,Belledonne,Grésivaudan ,E,45.24319,5.979609,40,,,,aucune
26 janvier 2008 ,Beaufortain,Beaufortain ,E,45.6745,06.5436,35,,,,RAS
26 janvier 2008 ,Taillefer - Matheysine,Matheysine et périphériques ,SW,44.9160,05.8788,35,,,,"Aucune. On ski comme au mois d'avril, la neige est stable, aucune coulée. Il faut descendre pas trop tard sinon c'est trop mou !!! c'est dingue pour un mois de janvier"
26 janvier 2008 ,Cerdagne - Capcir - Conflent,,N,42.48450,2.119159,30,,,,néant
26 janvier 2008 ,Devoluy,Devoluy ,S,44.6983,05.8762,45,,,,néant
26 janvier 2008 ,Taillefer - Matheysine,Matheysine et périphériques ,W,44.9728,05.8252,,44.97776121090911,5.843565025454547,1919.2861999999986,RAS
25 janvier 2008 ,Belledonne,Grésivaudan ,SW,45.14037,5.88762,35,45.13198100000002,5.903794294117646,1917.5529411764705,aucune
25 janvier 2008 ,Bornes - Aravis,Borne-Fier ,W,45.8028,06.3850,45,,,,RAS
25 janvier 2008 ,Belledonne,Oisans ,T,45.13065,6.01986,40,45.15019925890159,6.008790160531083,2021.7194930597452,ras
25 janvier 2008 ,Haut Giffre - Aiguilles Rouges,Faucigny ,W,46.1125,06.7503,30,,,,aucune récente
25 janvier 2008 ,Belledonne,Oisans ,S,45.20321,6.04034,40,45.22362837389999,6.044982037100008,1960.508,RAS 
24 janvier 2008 ,Grandes Rousses - Arves,Oisans ,SW,45.0723,06.1732,,,,,Rien
25 janvier 2008 ,Belledonne,Oisans ,T,45.20321,6.04034,30,,,,RAS mais une coulée importante déjà présente vers 1600 jusqu'à 1450 avec des gros blocs.
25 janvier 2008 ,Bornes - Aravis,Borne-Fier ,NW,45.9231,06.4836,30,,,,Aucune
25 janvier 2008 ,Chartreuse,Chartreuse ,SW,45.2890,5.7664,,,,,RAS
25 janvier 2008 ,Taillefer - Matheysine,Matheysine et périphériques ,T,44.9728,05.8252,45,,,,RAS
25 janvier 2008 ,Vercors,Vercors ,W,45.1640,05.6264,,45.155978081643816,5.635170265273846,1586.3793103448277,Aucune
25 janvier 2008 ,Belledonne,Maurienne ,NE,45.31620,6.25053,45,,,,aucune
25 janvier 2008 ,Belledonne,Grésivaudan ,NW,45.20165,5.917875,30,,,,RAS
22 janvier 2008 ,Mercantour - Alpes Maritimes Italiennes,Vésubie ,SE,44.0708,7.2222,30,,,,ras.
23 janvier 2008 ,Mercantour - Alpes Maritimes Italiennes,Vésubie ,S,44.11996,7.27398,,44.143712231800016,7.245042586866669,2163.163666666669,RAS
24 janvier 2008 ,Belledonne,Grésivaudan ,W,45.14037,5.88762,45,,,,aucune. Prudence toutefois sur le ressaut final bien mou à la mi-journée.
24 janvier 2008 ,Belledonne,Grésivaudan ,SW,45.14037,5.88762,35,45.13198100000002,5.903794294117646,1917.5529411764705,"aucune. Les conditions printannières étaient là. Sous couche bien stabilisée et surface légèrement décaillée (""moquette"") en face ouest et nord ouest. Prudence toutefois en face sud à la mi journée où la neige bien molle aurait pu couler en pentes raides."
23 janvier 2008 ,Vercors,Vercors ,E,45.0559,05.5680,35,,,,ras
24 janvier 2008 ,Chartreuse,Chartreuse ,W,45.2890,5.7664,30,45.28643799865561,5.778759944152887,1639.8253968253969,RAS
24 janvier 2008 ,Taillefer - Matheysine,Matheysine et périphériques ,W,44.9617,05.8749,50,,,,Aucune.
23 janvier 2008 ,Belledonne,Grésivaudan ,W,45.12585,5.87897,,,,,Néant
24 janvier 2008 ,Belledonne,Grésivaudan ,E,45.24319,5.979609,40,,,,aucune
24 janvier 2008 ,Bornes - Aravis,Faucigny ,W,46.0237,06.4790,45,,,,RAS
24 janvier 2008 ,Belledonne,Grésivaudan ,N,45.2620,6.0481,35,45.249869843599974,6.051491963400001,2040.8326352573959,"aucuneavalanche obsevée. Nous étions hésitant quant à la tenue de la neige dans les grandes pentes raide sous le sommet, car il y a 35 à 40cm de neige seche, parfois poudreuse, souvent déjà tassée, mais ça tenait bien!"
24 janvier 2008 ,Belledonne,Maurienne ,SE,45.31620,6.25053,80,,,,neant
24 janvier 2008 ,Vercors,Trièves Dévoluy ,E,44.9581,05.5497,40,,,,RAS ce matin
24 janvier 2008 ,Beaufortain,Tarentaise ,S,45.5924,06.6708,50,,,,néant
24 janvier 2008 ,Grandes Rousses - Arves,Oisans ,S,45.1683,06.0948,45,,,,"Aucune. Un craquement entendu en montant, vers le sommet des aiguillettes. le ravin est bien propre, peu de pierres"
24 janvier 2008 ,Taillefer - Matheysine,Matheysine et périphériques ,T,44.9728,05.8252,45,,,,ras
23 janvier 2008 ,Lauzière - Cheval Noir,Maurienne ,S,45.5387,06.3727,40,,,,Aucune
23 janvier 2008 ,Belledonne,Grésivaudan ,N,45.24319,5.979609,40,,,,rien à part les quelques centimètres de plaque superficielle cassées lors de la descente
23 janvier 2008 ,Préalpes de Grasse,,N,43.83139,6.95944,,,,,"de nuit on voit pas trop, mais à priori rien"
23 janvier 2008 ,Taillefer - Matheysine,Matheysine et périphériques ,W,44.9728,05.8252,,44.97776121090911,5.843565025454547,1919.2861999999986,RAS
23 janvier 2008 ,Chartreuse,Chartreuse ,NE,45.35778,5.74426,45,,,,Néant
23 janvier 2008 ,Belledonne,Maurienne ,N,45.31620,6.25053,41,,,,néant
23 janvier 2008 ,Belledonne,Grésivaudan ,E,45.24319,5.979609,40,,,,RAS
23 janvier 2008 ,Chartreuse,Chartreuse ,W,45.2890,5.7664,30,45.28643799865561,5.778759944152887,1639.8253968253969,aucune; la neige a été très travaillée par le vent à partir de la sortie de la forêt; neige gelée et couteau indispensable ou presque pour la toute fin;
23 janvier 2008 ,Devoluy,Devoluy ,E,44.7203,05.8807,,,,,néant
23 janvier 2008 ,Grandes Rousses - Arves,Maurienne ,E,45.2859,06.3021,30,,,,Des coulées de fond au Grand Chatellard mais rien d'autre. Il y a des accus et les 10-15 cm de neige fraîche sont mal collés à la sous-couche.
19 janvier 2008 ,Massif Central,,W,45.54196,2.816587,40,,,,aucune.
20 janvier 2008 ,Bornes - Aravis,Borne-Fier ,SE,45.9774,06.4691,40,,,,Nombreuses purges en toutes orientations datant de quelques jours.
22 janvier 2008 ,Chartreuse,Chartreuse ,W,45.2890,5.7664,30,45.28643799865561,5.778759944152887,1639.8253968253969,"Pas d'activité avalancheuse, "
19 janvier 2008 ,Bornes - Aravis,Borne-Fier ,NW,45.9231,06.4836,30,,,,"Aucune de visu, quelques purge importante en rive droite"
21 janvier 2008 ,Chartreuse,Grésivaudan ,SE,45.29762,5.84279,30,,,,RAS à par une coulée sur la face NE du Bec Charvet.
21 janvier 2008 ,Belledonne,Grésivaudan ,NW,45.14037,5.88762,40,,,,ras
21 janvier 2008 ,Chartreuse,Grésivaudan ,SW,45.29762,5.84279,50,,,,RAS
21 janvier 2008 ,Chartreuse,Chartreuse ,W,45.2890,5.7664,30,45.28643799865561,5.778759944152887,1639.8253968253969,RAS
21 janvier 2008 ,Vanoise,Maurienne ,T,45.2513,06.4721,,,,,aucune hormis quelques boules 
21 janvier 2008 ,Bauges,Bauges ,W,45.6152,06.1111,35,,,,rien vu aujourd'hui
20 janvier 2008 ,Belledonne,Grésivaudan ,T,45.1870,5.8994,40,,,,ras
20 janvier 2008 ,Cerces - Thabor - Mont Cenis,Maurienne ,NW,45.18942,6.74586,35,,,,pas d'activité. Fort transport de neige issu des crêtes qui ont été décappées au dessus de 2600.
20 janvier 2008 ,Corse,,SE,42.19628,9.10198,30,,,,aucune
19 janvier 2008 ,Ecrins,Matheysine et périphériques ,NE,44.8596,6.0519,35,,,,rien
20 janvier 2008 ,Belledonne,Oisans ,S,45.20321,6.04034,40,,,,rien
20 janvier 2008 ,Mercantour - Alpes Maritimes Italiennes,Tinée ,T,44.28341,6.866776,35,,,,aucune.
20 janvier 2008 ,Vercors,Vercors ,W,45.0239,05.5174,30,,,,aucune.
20 janvier 2008 ,Haut Giffre - Aiguilles Rouges,Vallée de l'Arve ,E,45.9693,06.8750,30,,,,RAS
20 janvier 2008 ,Beaufortain,Beaufortain ,N,45.7072,06.4630,30,,,,quasi nulle
20 janvier 2008 ,Beaufortain,Val d'Arly ,W,45.8207,06.6044,30,,,,RAS.
20 janvier 2008 ,Bornes - Aravis,Borne-Fier ,W,45.9489,06.5114,40,,,,RAS
19 janvier 2008 ,Mercantour - Alpes Maritimes Italiennes,Haut-Verdon ,N,44.16778,6.6175,30,,,,néant
20 janvier 2008 ,Ecrins,Matheysine et périphériques ,NW,44.9865,05.9704,30,,,,RAS
20 janvier 2008 ,Mont Blanc,Vallée de l'Arve ,W,45.9784,6.9266,30,,,,Néant
20 janvier 2008 ,Belledonne,Grésivaudan ,NW,45.47054,6.191525,,,,,Néant. Quelques plaques dans la traversée sous le sommet du Grand Chat pour rejoindre le col d'Arbaretan
20 janvier 2008 ,Ecrins,Matheysine et périphériques ,S,44.9865,05.9704,30,,,,ras
20 janvier 2008 ,Beaufortain,Tarentaise ,S,45.6297,06.4799,40,,,,quelques boules sur les faces ensoleillées  et quelques avalanches de fonte tombées  surement veille sous 2100 m en face est...pas d'activité observéé le jour même
20 janvier 2008 ,Bornes - Aravis,Vallée de l'Arve ,S,45.9578,06.6100,50,,,,"Aucune activité avalancheuse observée, neige poudreuse tassée dans la partie haute, puis transformée sur 15cm dans le reste du couloir. Le retour sur Doran, en moquette pile poil. "
20 janvier 2008 ,Chartreuse,Grésivaudan ,SW,45.29762,5.84279,50,,,,RAS aujourd'hui
20 janvier 2008 ,Bornes - Aravis,Borne-Fier ,SE,46.0023,06.5043,40,,,,RAS
20 janvier 2008 ,Bornes - Aravis,Borne-Fier ,E,46.0023,06.5043,45,,,,RAS
20 janvier 2008 ,Ecrins,Matheysine et périphériques ,T,44.9865,05.9704,35,,,,rien sur l'itinéraire. Une coulée de lourde coté taillefer à dévaler un ravin vers 15h
20 janvier 2008 ,Lauzière - Cheval Noir,Tarentaise ,N,45.47123,6.41270,30,45.467261495103266,6.387576419101878,1715.4545454545455,"néant ce jour, pas mal d'anciennes coulées."
20 janvier 2008 ,Ubaye - Parpaillon - Alpes Cozie S,Embrunais ,N,44.54781,6.62473,,44.530290389189176,6.631571575675676,-9999.0,RAS
20 janvier 2008 ,Taillefer - Matheysine,Matheysine et périphériques ,W,44.9728,05.8252,,44.97776121090911,5.843565025454547,1919.2861999999986,RAS
20 janvier 2008 ,Bornes - Aravis,Borne-Fier ,T,45.8373,06.4159,45,,,,"néant, couloir N de la Tête de l' Aulp correct à la descente et la remontée, mais à un endroit au moins, près de l' arête SE, ça sonne bien le creux sous les pieds, prudence..."
20 janvier 2008 ,Vercors,Vercors ,W,45.1071,05.6038,30,45.09813330927834,5.606122886597939,1485.884536082475,Aucune
19 janvier 2008 ,Bauges,Bauges ,E,45.5957,06.1369,30,,,,Aucune.
19 janvier 2008 ,Chartreuse,Chartreuse ,T,45.35508,5.78776,35,45.374782526990565,5.803828661901113,1395.8695652173913,"RAS (excepté un bruit très fort au dessus de l agrande Chartreuse vers 15h45, peut être chute de pierres)"
19 janvier 2008 ,Chartreuse,Chartreuse ,E,45.31378,5.77518,,45.31710050909093,5.767580699999998,1414.0754545454547,RAS
19 janvier 2008 ,Corse,,W,41.82359,9.14209,25,,,,aucune
19 janvier 2008 ,Taillefer - Matheysine,Matheysine et périphériques ,T,44.9728,05.8252,45,,,,RAS
19 janvier 2008 ,Lauzière - Cheval Noir,Tarentaise ,SE,45.47123,6.41270,,,,,petites plaqués à proximité des crêtes sinon pas d'activité avalancheuse observée
19 janvier 2008 ,Vercors,Trièves Dévoluy ,E,45.0189,05.6130,40,,,,ras
19 janvier 2008 ,Belledonne,Grésivaudan ,W,45.4279,6.1658,,45.42178291683715,6.167143949556921,1611.2725662576652,RAS
19 janvier 2008 ,Mercantour - Alpes Maritimes Italiennes,Vésubie ,S,44.11996,7.27398,,44.143712231800016,7.245042586866669,2163.163666666669,"A partir de 14h les purges ont commencé dans les pente raides S, sinon rien a signaler ailleurs."
19 janvier 2008 ,Taillefer - Matheysine,Matheysine et périphériques ,NW,45.0323,05.8576,25,45.038509010300025,5.875859208650001,1933.9945903139983,Aucune
19 janvier 2008 ,Ubaye - Parpaillon - Alpes Cozie S,Embrunais ,N,44.60793,6.55426,30,,,,RAS
19 janvier 2008 ,Beaufortain,Tarentaise ,S,45.5367,06.5796,30,45.547691603773615,6.566997735849053,0.0,Néant
19 janvier 2008 ,Belledonne,Grésivaudan ,SW,45.24319,5.979609,50,,,,aucune
19 janvier 2008 ,Bornes - Aravis,Borne-Fier ,W,46.0018,06.5408,35,,,,"Mis à part quelques purges naturelles face Sud d'Areu (en-dessus du couloir Est de la Forclaz), pas d'activité avalancheuse observée."
19 janvier 2008 ,Taillefer - Matheysine,Oisans ,SE,45.0513,05.9750,30,,,,RAS de ce coté.
19 janvier 2008 ,Belledonne,Grésivaudan ,SW,45.10556,5.87534,30,,,,"RAS. 5* à la descente, car pris les pistes, sinon, ça avait l'air bien crouté. (manque des caractères ... rien de plus à dire)"
19 janvier 2008 ,Taillefer - Matheysine,Matheysine et périphériques ,W,44.9728,05.8252,,44.97776121090911,5.843565025454547,1919.2861999999986,RAS
19 janvier 2008 ,Belledonne,Grésivaudan ,N,45.1870,5.8994,50,45.1759629507389,5.920524445812807,1723.5086206896551,aucune sur le trajet ; 1 plaque me semble-t-il sous la Grande Lauzière mais à vérifier.
13 janvier 2008 ,Belledonne,Grésivaudan ,NW,45.20165,5.917875,30,,,,"aucune sur cette rando; journée a risque 4, pourtant un gars monte la face nord du Grand Colon..."
17 janvier 2008 ,Ecrins,Matheysine et périphériques ,W,44.83914,5.990722,35,,,,"Quelques coulées observées au loin, elles provenaient de rupture de corniches au sommet dus à un fort vent de N et quelques craquelures du manteau sous le crête sommitale. Sinon sur le reste du parcours aucune activité observée"
18 janvier 2008 ,Chartreuse,Chartreuse ,W,45.2890,5.7664,30,45.28643799865561,5.778759944152887,1639.8253968253969,RAS
15 novembre 2007 ,Taillefer - Matheysine,Matheysine et périphériques ,NE,45.0233,05.8631,25,,,,Néant
17 janvier 2008 ,Beaufortain,Tarentaise ,S,45.5924,06.6708,35,,,,Aucune.
18 janvier 2008 ,Bornes - Aravis,Faucigny ,NW,46.0296,06.5727,50,,,,quelques petites coulées de neige humide déjà parties même en orientation N en dessous de 1700 
17 janvier 2008 ,Belledonne,Grésivaudan ,W,45.14037,5.88762,45,,,,aucune
17 janvier 2008 ,Bornes - Aravis,Vallée de l'Arve ,NE,45.9578,06.6100,45,,,,"aucune dans les pentes Nord ,d'accés à l'arete des saix, ni meme dans le couloir ou seulement la partie la plus basse et boulettée, sinon, c'est grosse peuf !"
